dataset,split_strategy,family_id,metric,metric_role,contrast,question,model_a,model_b,n_pairs,mean_a,mean_b,mean_delta,median_delta,ci_low,ci_high,rank_biserial,statistic,p_value,p_holm,p_corrected_t,p_corrected_t_holm,corrected_ci_low,corrected_ci_high,favors,significant_holm
esol,random,esol:random:rmse,rmse,primary,edge_vs_node,Effect of explicit bond-edge attributes,edge_gnn,node_gnn,10,0.6736328547112711,0.7050413306905169,-0.03140847597924575,-0.039977218616114696,-0.060276167660708854,-0.0025407842977826535,-0.7090909090909091,8.0,0.048828125,0.09765625,0.14870965214952403,0.29741930429904806,-0.0763955242602665,0.013578572301774984,edge_gnn,False
esol,random,esol:random:rmse,rmse,primary,concat_vs_edge,Effect of adding RDKit descriptors to edge-aware GNN,hybrid_concat,edge_gnn,10,0.5734174277322407,0.6736328547112711,-0.10021542697903044,-0.09377119026030856,-0.14991379425445034,-0.05051705970361054,-1.0,0.0,0.001953125,0.009765625,0.016835820118347854,0.05050746035504356,-0.1776647385754573,-0.022766115382603563,hybrid_concat,True
esol,random,esol:random:rmse,rmse,primary,gated_vs_concat,Effect of gated rather than concatenated fusion,hybrid_gated,hybrid_concat,10,0.5659583553235923,0.5734174277322407,-0.007459072408648504,-0.005956196706374872,-0.030503979332249152,0.015585834514952143,-0.2727272727272727,20.0,0.4921875,0.4921875,0.6496396718561792,0.6496396718561792,-0.04337196602838206,0.028453821211085053,hybrid_gated,False
esol,random,esol:random:rmse,rmse,primary,morgan_vs_rdkit_rf,Effect of adding Morgan fingerprints to Random Forest,rf_rdkit_morgan,rf_rdkit,10,0.6909803113265923,0.6456925923976697,0.045287718928922624,0.044170185040616095,0.029460299484579015,0.06111513837326624,1.0,0.0,0.001953125,0.009765625,0.002471361169841947,0.012356805849209736,0.020622467180932337,0.06995297067691292,rf_rdkit,True
esol,random,esol:random:rmse,rmse,primary,xgb_vs_rf_morgan,Effect of XGBoost rather than Random Forest,xgb_rdkit_morgan,rf_rdkit_morgan,10,0.5896256050960091,0.6909803113265923,-0.1013547062305831,-0.09959043608038753,-0.1431695929980909,-0.0595398194630753,-1.0,0.0,0.001953125,0.009765625,0.006530580629858747,0.026122322519434988,-0.16651850078098782,-0.03619091168017838,xgb_rdkit_morgan,True
esol,random,esol:random:mae,mae,primary,edge_vs_node,Effect of explicit bond-edge attributes,edge_gnn,node_gnn,10,0.5054689787345142,0.5288145500356469,-0.02334557130113264,-0.028534840873702144,-0.04256818367268851,-0.004122958929576769,-0.7818181818181819,6.0,0.02734375,0.0546875,0.11174204897595538,0.22348409795191077,-0.053301849080066625,0.006610706477801348,edge_gnn,False
esol,random,esol:random:mae,mae,primary,concat_vs_edge,Effect of adding RDKit descriptors to edge-aware GNN,hybrid_concat,edge_gnn,10,0.41082997271451294,0.5054689787345142,-0.09463900602000141,-0.08869696380996245,-0.12931925736787345,-0.05995875467212939,-1.0,0.0,0.001953125,0.009765625,0.0032978897640717772,0.010975134688403358,-0.14868427430816472,-0.0405937377318381,hybrid_concat,True
esol,random,esol:random:mae,mae,primary,gated_vs_concat,Effect of gated rather than concatenated fusion,hybrid_gated,hybrid_concat,10,0.411272576581469,0.41082997271451294,0.00044260386695613716,-0.0024051795912742313,-0.01834430407373052,0.019229511807642798,0.01818181818181818,27.0,1.0,1.0,0.9734653126075753,0.9734653126075753,-0.02883467759720307,0.02971988533111535,hybrid_concat,False
esol,random,esol:random:mae,mae,primary,morgan_vs_rdkit_rf,Effect of adding Morgan fingerprints to Random Forest,rf_rdkit_morgan,rf_rdkit,10,0.5088337531247555,0.4754157947724134,0.03341795835234212,0.03973414179118895,0.021799976001334674,0.04503594070334956,1.0,0.0,0.001953125,0.009765625,0.002392416083525003,0.010975134688403358,0.015312640520905134,0.0515232761837791,rf_rdkit,True
esol,random,esol:random:mae,mae,primary,xgb_vs_rf_morgan,Effect of XGBoost rather than Random Forest,xgb_rdkit_morgan,rf_rdkit_morgan,10,0.427479477086243,0.5088337531247555,-0.08135427603851252,-0.07609588481164764,-0.10924895171275822,-0.05345960036426681,-1.0,0.0,0.001953125,0.009765625,0.0021950269376806715,0.010975134688403358,-0.1248249883901523,-0.03788356368687274,xgb_rdkit_morgan,True
esol,random,esol:random:r2,r2,secondary,edge_vs_node,Effect of explicit bond-edge attributes,edge_gnn,node_gnn,10,0.8878151954239512,0.8773110524871133,0.010504142936837768,0.013696975210849838,0.00029896523125259866,0.020709320642422938,0.6727272727272727,9.0,0.064453125,0.12890625,0.16935014715160282,0.33870029430320564,-0.005399477873008984,0.02640776374668452,edge_gnn,False
esol,random,esol:random:r2,r2,secondary,concat_vs_edge,Effect of adding RDKit descriptors to edge-aware GNN,hybrid_concat,edge_gnn,10,0.9178682869441133,0.8878151954239512,0.030053091520162244,0.0310463254755432,0.015635292112707568,0.04447089092761692,1.0,0.0,0.001953125,0.009765625,0.01434435811762906,0.04303307435288718,0.0075845739398067505,0.05252160910051774,hybrid_concat,True
esol,random,esol:random:r2,r2,secondary,gated_vs_concat,Effect of gated rather than concatenated fusion,hybrid_gated,hybrid_concat,10,0.9198126380940972,0.9178682869441133,0.001944351149983825,0.0016040044832701383,-0.003658065532936329,0.0075467678329039795,0.23636363636363636,21.0,0.556640625,0.556640625,0.6265114714312482,0.6265114714312482,-0.0067863846700459375,0.010675086970013587,hybrid_gated,False
esol,random,esol:random:r2,r2,secondary,morgan_vs_rdkit_rf,Effect of adding Morgan fingerprints to Random Forest,rf_rdkit_morgan,rf_rdkit,10,0.8831853965655858,0.8974792707632971,-0.014293874197711387,-0.013116925987444517,-0.018859963683091827,-0.009727784712330947,-1.0,0.0,0.001953125,0.009765625,0.0013975826592644276,0.006987913296322138,-0.021409610724237152,-0.007178137671185621,rf_rdkit,True
esol,random,esol:random:r2,r2,secondary,xgb_vs_rf_morgan,Effect of XGBoost rather than Random Forest,xgb_rdkit_morgan,rf_rdkit_morgan,10,0.9138121115639507,0.8831853965655858,0.030626714998364935,0.030473727631634973,0.0190112528798831,0.042242177116846774,1.0,0.0,0.001953125,0.009765625,0.004043392300674982,0.01617356920269993,0.012525324665654217,0.048728105331075654,xgb_rdkit_morgan,True
esol,scaffold,esol:scaffold:rmse,rmse,primary,edge_vs_node,Effect of explicit bond-edge attributes,edge_gnn,node_gnn,10,1.1832424736675131,1.2264307580015221,-0.04318828433400901,-0.049842626297510795,-0.10365288280074371,0.017276314132725692,-0.45454545454545453,15.0,0.232421875,0.46484375,0.32686379761374695,0.6537275952274939,-0.13741555544838802,0.051038986780369985,edge_gnn,False
esol,scaffold,esol:scaffold:rmse,rmse,primary,concat_vs_edge,Effect of adding RDKit descriptors to edge-aware GNN,hybrid_concat,edge_gnn,10,0.8631534831444163,1.1832424736675131,-0.3200889905230969,-0.28942638038034213,-0.41302625098343365,-0.22715173006276018,-1.0,0.0,0.001953125,0.009765625,0.0007394534433532555,0.002218360330059767,-0.4649212503923441,-0.17525673065384975,hybrid_concat,True
esol,scaffold,esol:scaffold:rmse,rmse,primary,gated_vs_concat,Effect of gated rather than concatenated fusion,hybrid_gated,hybrid_concat,10,0.8590885414457397,0.8631534831444163,-0.004064941698676683,-0.02083056189683069,-0.05335024950095333,0.04522036610359997,-0.2,22.0,0.625,0.625,0.9073311157772059,0.9073311157772059,-0.0808705465981403,0.07274066320078693,hybrid_gated,False
esol,scaffold,esol:scaffold:rmse,rmse,primary,morgan_vs_rdkit_rf,Effect of adding Morgan fingerprints to Random Forest,rf_rdkit_morgan,rf_rdkit,10,1.1461276757399645,0.9930642058646064,0.15306346987535763,0.1501302076710686,0.1267771576965159,0.17934978205419935,1.0,0.0,0.001953125,0.009765625,1.4223292968301593e-05,7.111646484150797e-05,0.11209921100186804,0.19402772874884722,rf_rdkit,True
esol,scaffold,esol:scaffold:rmse,rmse,primary,xgb_vs_rf_morgan,Effect of XGBoost rather than Random Forest,xgb_rdkit_morgan,rf_rdkit_morgan,10,0.8913140617179343,1.1461276757399645,-0.2548136140220299,-0.26073980476891695,-0.3017820855380625,-0.20784514250599728,-1.0,0.0,0.001953125,0.009765625,2.5091061636554463e-05,0.00010036424654621785,-0.32800869034101093,-0.18161853770304887,xgb_rdkit_morgan,True
esol,scaffold,esol:scaffold:mae,mae,primary,edge_vs_node,Effect of explicit bond-edge attributes,edge_gnn,node_gnn,10,0.9312329519727278,0.9698529202569925,-0.03861996828426485,-0.032865546658998324,-0.08694653156158016,0.00970659499305046,-0.5272727272727272,13.0,0.16015625,0.3203125,0.2758794101441897,0.5517588202883794,-0.11393147775311614,0.03669154118458644,edge_gnn,False
esol,scaffold,esol:scaffold:mae,mae,primary,concat_vs_edge,Effect of adding RDKit descriptors to edge-aware GNN,hybrid_concat,edge_gnn,10,0.6768341008416521,0.9312329519727278,-0.25439885113107585,-0.24527898344063825,-0.33678510555350766,-0.17201259670864405,-1.0,0.0,0.001953125,0.009765625,0.001527199969896993,0.004581599909690979,-0.3827885556592818,-0.12600914660286985,hybrid_concat,True
esol,scaffold,esol:scaffold:mae,mae,primary,gated_vs_concat,Effect of gated rather than concatenated fusion,hybrid_gated,hybrid_concat,10,0.665227048925753,0.6768341008416521,-0.011607051915898992,-0.028880799400011814,-0.047834104726061616,0.024620000894263635,-0.3090909090909091,19.0,0.431640625,0.431640625,0.6529152239443768,0.6529152239443768,-0.06806283618272312,0.04484873235092514,hybrid_gated,False
esol,scaffold,esol:scaffold:mae,mae,primary,morgan_vs_rdkit_rf,Effect of adding Morgan fingerprints to Random Forest,rf_rdkit_morgan,rf_rdkit,10,0.8730613636174551,0.7552199661144703,0.11784139750298502,0.11777758533316285,0.09950935481234573,0.1361734401936243,1.0,0.0,0.001953125,0.009765625,6.3471595691685496e-06,3.1735797845842744e-05,0.08927297233364274,0.14640982267232727,rf_rdkit,True
esol,scaffold,esol:scaffold:mae,mae,primary,xgb_vs_rf_morgan,Effect of XGBoost rather than Random Forest,xgb_rdkit_morgan,rf_rdkit_morgan,10,0.6781351488214128,0.8730613636174551,-0.1949262147960425,-0.2060930711488529,-0.23103394168132196,-0.15881848791076303,-1.0,0.0,0.001953125,0.009765625,2.6097250896408007e-05,0.00010438900358563203,-0.2511960430396719,-0.13865638655241308,xgb_rdkit_morgan,True
esol,scaffold,esol:scaffold:r2,r2,secondary,edge_vs_node,Effect of explicit bond-edge attributes,edge_gnn,node_gnn,10,0.6857024177203295,0.6598776212154823,0.02582479650484707,0.029465455883501912,-0.008730825725471798,0.06038041873516594,0.45454545454545453,15.0,0.232421875,0.46484375,0.3061957473640081,0.6123914947280162,-0.028026251331246463,0.0796758443409406,edge_gnn,False
esol,scaffold,esol:scaffold:r2,r2,secondary,concat_vs_edge,Effect of adding RDKit descriptors to edge-aware GNN,hybrid_concat,edge_gnn,10,0.8315587922051197,0.6857024177203295,0.1458563744847901,0.12968972336404017,0.10773532129139976,0.18397742767818046,1.0,0.0,0.001953125,0.009765625,0.00035458799903782497,0.0010637639971134748,0.08644900380001729,0.20526374516956292,hybrid_concat,True
esol,scaffold,esol:scaffold:r2,r2,secondary,gated_vs_concat,Effect of gated rather than concatenated fusion,hybrid_gated,hybrid_concat,10,0.8325316060131959,0.8315587922051197,0.0009728138080762894,0.007577930111643649,-0.01935038668800504,0.021296014304157618,0.23636363636363636,21.0,0.556640625,0.556640625,0.9461237128288649,0.9461237128288649,-0.030698606686176994,0.03264423430232957,hybrid_gated,False
esol,scaffold,esol:scaffold:r2,r2,secondary,morgan_vs_rdkit_rf,Effect of adding Morgan fingerprints to Random Forest,rf_rdkit_morgan,rf_rdkit,10,0.7058165582594208,0.7792944514830324,-0.07347789322361162,-0.070535695298304,-0.08793610793778686,-0.059019678509436374,-1.0,0.0,0.001953125,0.009765625,4.204055005866408e-05,0.00016816220023465632,-0.09600939351054416,-0.050946392936679075,rf_rdkit,True
esol,scaffold,esol:scaffold:r2,r2,secondary,xgb_vs_rf_morgan,Effect of XGBoost rather than Random Forest,xgb_rdkit_morgan,rf_rdkit_morgan,10,0.8211629604549218,0.7058165582594208,0.11534640219550085,0.12051211325307692,0.09538634437710126,0.13530646001390045,1.0,0.0,0.001953125,0.009765625,1.5123450599660455e-05,7.561725299830227e-05,0.08424089869087158,0.14645190570013014,xgb_rdkit_morgan,True
freesolv,random,freesolv:random:rmse,rmse,primary,edge_vs_node,Effect of explicit bond-edge attributes,edge_gnn,node_gnn,10,1.342632468354004,1.4008787687127007,-0.058246300358696754,-0.024858390208770675,-0.21126853368878062,0.0947759329713871,-0.3090909090909091,19.0,0.431640625,0.86328125,0.594035367656032,1.0,-0.2967142275781966,0.18022162686080312,edge_gnn,False
freesolv,random,freesolv:random:rmse,rmse,primary,concat_vs_edge,Effect of adding RDKit descriptors to edge-aware GNN,hybrid_concat,edge_gnn,10,1.102004265363389,1.342632468354004,-0.2406282029906149,-0.2495062720205909,-0.3766624426454924,-0.10459396333573742,-0.8909090909090909,3.0,0.009765625,0.029296875,0.030301519584082552,0.09090455875224765,-0.4526222541518179,-0.028634151829411952,hybrid_concat,True
freesolv,random,freesolv:random:rmse,rmse,primary,gated_vs_concat,Effect of gated rather than concatenated fusion,hybrid_gated,hybrid_concat,10,1.0648588994158685,1.102004265363389,-0.03714536594752042,-0.006480856424438741,-0.1311449695957836,0.05685423770074276,-0.23636363636363636,21.0,0.556640625,0.86328125,0.5802728551851704,1.0,-0.1836331681030582,0.10934243620801733,hybrid_gated,False
freesolv,random,freesolv:random:rmse,rmse,primary,morgan_vs_rdkit_rf,Effect of adding Morgan fingerprints to Random Forest,rf_rdkit_morgan,rf_rdkit,10,1.5409105763422812,1.31832909832984,0.22258147801244155,0.2410103459310079,0.17554833999091704,0.2696146160339661,1.0,0.0,0.001953125,0.009765625,7.310955421220229e-05,0.00036554777106101146,0.14928562622319325,0.29587732980168985,rf_rdkit,True
freesolv,random,freesolv:random:rmse,rmse,primary,xgb_vs_rf_morgan,Effect of XGBoost rather than Random Forest,xgb_rdkit_morgan,rf_rdkit_morgan,10,1.1530186879477162,1.5409105763422812,-0.38789188839456495,-0.41252517527843685,-0.49163259936151266,-0.28415117742761725,-1.0,0.0,0.001953125,0.009765625,0.00041767004156246417,0.0016706801662498567,-0.5495601098954314,-0.22622366689369852,xgb_rdkit_morgan,True
freesolv,random,freesolv:random:mae,mae,primary,edge_vs_node,Effect of explicit bond-edge attributes,edge_gnn,node_gnn,10,0.8583289490188359,0.8967006097817265,-0.038371660762890426,-0.030701842681327307,-0.1659665034959462,0.08922318197016535,-0.2727272727272727,20.0,0.4921875,0.984375,0.6727296491786534,1.0,-0.23721386171819392,0.16047054019241308,edge_gnn,False
freesolv,random,freesolv:random:mae,mae,primary,concat_vs_edge,Effect of adding RDKit descriptors to edge-aware GNN,hybrid_concat,edge_gnn,10,0.6944445823967025,0.8583289490188359,-0.16388436662213354,-0.14954228839461642,-0.23218984839610018,-0.0955788848481669,-1.0,0.0,0.001953125,0.009765625,0.006907956788073368,0.020723870364220104,-0.2703307718398048,-0.057437961404462265,hybrid_concat,True
freesolv,random,freesolv:random:mae,mae,primary,gated_vs_concat,Effect of gated rather than concatenated fusion,hybrid_gated,hybrid_concat,10,0.6818629064800565,0.6944445823967025,-0.012581675916645834,0.007126620055460886,-0.06152475629183037,0.0363614044585387,-0.09090909090909091,25.0,0.845703125,0.984375,0.7176671846987637,1.0,-0.08885395789041227,0.06369060605712061,hybrid_gated,False
freesolv,random,freesolv:random:mae,mae,primary,morgan_vs_rdkit_rf,Effect of adding Morgan fingerprints to Random Forest,rf_rdkit_morgan,rf_rdkit,10,0.9349829569495152,0.7880229808580173,0.14695997609149805,0.145789241459098,0.12108644397747961,0.1728335082055165,1.0,0.0,0.001953125,0.009765625,1.738056557263201e-05,6.952226229052804e-05,0.1066389884885539,0.1872809636944422,rf_rdkit,True
freesolv,random,freesolv:random:mae,mae,primary,xgb_vs_rf_morgan,Effect of XGBoost rather than Random Forest,xgb_rdkit_morgan,rf_rdkit_morgan,10,0.656623782657777,0.9349829569495152,-0.27835917429173823,-0.2749309236699217,-0.3241059416490233,-0.23261240693445318,-1.0,0.0,0.001953125,0.009765625,9.952147881274128e-06,4.976073940637064e-05,-0.3496503621882864,-0.20706798639519008,xgb_rdkit_morgan,True
freesolv,random,freesolv:random:r2,r2,secondary,edge_vs_node,Effect of explicit bond-edge attributes,edge_gnn,node_gnn,10,0.8716681698323351,0.8650314036413553,0.006636766190979892,0.004083890130719359,-0.02270042353289462,0.0359739559148544,0.2727272727272727,20.0,0.4921875,0.984375,0.7501308667352835,1.0,-0.03908194194476244,0.052355474326722225,edge_gnn,False
freesolv,random,freesolv:random:r2,r2,secondary,concat_vs_edge,Effect of adding RDKit descriptors to edge-aware GNN,hybrid_concat,edge_gnn,10,0.9160758795051708,0.8716681698323351,0.04440770967283555,0.032341193412725844,0.014599089753213737,0.07421632959245736,0.9272727272727272,2.0,0.005859375,0.017578125,0.058823872396519226,0.17647161718955767,-0.002045669361128738,0.09086108870679983,hybrid_concat,True
freesolv,random,freesolv:random:r2,r2,secondary,gated_vs_concat,Effect of gated rather than concatenated fusion,hybrid_gated,hybrid_concat,10,0.9221132718453238,0.9160758795051708,0.006037392340153036,0.001098517379350017,-0.0067145442505512016,0.018789328930857274,0.2727272727272727,20.0,0.4921875,0.984375,0.5092399825453833,1.0,-0.013835065541572933,0.025909850221879006,hybrid_gated,False
freesolv,random,freesolv:random:r2,r2,secondary,morgan_vs_rdkit_rf,Effect of adding Morgan fingerprints to Random Forest,rf_rdkit_morgan,rf_rdkit,10,0.8388754782564838,0.8819235796486342,-0.04304810139215039,-0.04150150624939031,-0.05360445962407266,-0.03249174316022811,-1.0,0.0,0.001953125,0.009765625,0.00022359806592065607,0.0008943922636826243,-0.059498997525151094,-0.02659720525914968,rf_rdkit,True
freesolv,random,freesolv:random:r2,r2,secondary,xgb_vs_rf_morgan,Effect of XGBoost rather than Random Forest,xgb_rdkit_morgan,rf_rdkit_morgan,10,0.9066868683597107,0.8388754782564838,0.06781139010322684,0.07284394352683593,0.053768938838072766,0.08185384136838092,1.0,0.0,0.001953125,0.009765625,6.256560226306274e-05,0.0003128280113153137,0.045927810355317136,0.08969496985113655,xgb_rdkit_morgan,True
freesolv,scaffold,freesolv:scaffold:rmse,rmse,primary,edge_vs_node,Effect of explicit bond-edge attributes,edge_gnn,node_gnn,10,2.241717373032098,2.2151081993923,0.02660917363979809,-0.011814943002335099,-0.1638848842351693,0.2171032315147655,0.01818181818181818,27.0,1.0,1.0,0.8438269854485752,0.8438269854485752,-0.27025437448974104,0.3234727217693372,node_gnn,False
freesolv,scaffold,freesolv:scaffold:rmse,rmse,primary,concat_vs_edge,Effect of adding RDKit descriptors to edge-aware GNN,hybrid_concat,edge_gnn,10,1.5893144285211414,2.241717373032098,-0.6524029445109567,-0.6423634359180846,-0.9698512288042529,-0.33495466021766057,-1.0,0.0,0.001953125,0.009765625,0.015368206365638029,0.061472825462552116,-1.1471103651739,-0.15769552384801344,hybrid_concat,True
freesolv,scaffold,freesolv:scaffold:rmse,rmse,primary,gated_vs_concat,Effect of gated rather than concatenated fusion,hybrid_gated,hybrid_concat,10,1.6961105476126719,1.5893144285211414,0.10679611909153038,0.12477783671029619,0.025693360955096625,0.1878988772279641,0.8181818181818182,5.0,0.01953125,0.05859375,0.08825390783637001,0.26476172350911004,-0.01959340093893895,0.2331856391219997,hybrid_concat,False
freesolv,scaffold,freesolv:scaffold:rmse,rmse,primary,morgan_vs_rdkit_rf,Effect of adding Morgan fingerprints to Random Forest,rf_rdkit_morgan,rf_rdkit,10,2.720303208189658,2.4405428541536893,0.2797603540359685,0.24632217881517837,0.17780215063120006,0.3817185574407369,1.0,0.0,0.001953125,0.009765625,0.003191252551502193,0.015956262757510966,0.12086996994052707,0.4386507381314099,rf_rdkit,True
freesolv,scaffold,freesolv:scaffold:rmse,rmse,primary,xgb_vs_rf_morgan,Effect of XGBoost rather than Random Forest,xgb_rdkit_morgan,rf_rdkit_morgan,10,3.2289875637936327,2.720303208189658,0.5086843556039741,0.5843559505821527,0.03306531592668055,0.9843033952812676,0.6363636363636364,10.0,0.083984375,0.16796875,0.1549552729518738,0.3099105459037476,-0.23251438440732553,1.2498830956152736,rf_rdkit_morgan,False
freesolv,scaffold,freesolv:scaffold:mae,mae,primary,edge_vs_node,Effect of explicit bond-edge attributes,edge_gnn,node_gnn,10,1.6923785879030107,1.6510103942401309,0.04136819366287978,0.14101372781158206,-0.15673943259301362,0.23947581991877318,0.2727272727272727,20.0,0.4921875,0.4921875,0.768689049328845,0.768689049328845,-0.2673602438427472,0.3500966311685068,node_gnn,False
freesolv,scaffold,freesolv:scaffold:mae,mae,primary,concat_vs_edge,Effect of adding RDKit descriptors to edge-aware GNN,hybrid_concat,edge_gnn,10,1.2023864963114304,1.6923785879030107,-0.4899920915915801,-0.4473003236677251,-0.7297988940525316,-0.25018528913062854,-0.9636363636363636,1.0,0.00390625,0.015625,0.01580408948314038,0.0790204474157019,-0.8637040017598423,-0.11628018142331781,hybrid_concat,True
freesolv,scaffold,freesolv:scaffold:mae,mae,primary,gated_vs_concat,Effect of gated rather than concatenated fusion,hybrid_gated,hybrid_concat,10,1.31556008508205,1.2023864963114304,0.11317358877061931,0.0804776684132471,0.03991296221437149,0.18643421532686713,1.0,0.0,0.001953125,0.009765625,0.05163664026151096,0.20654656104604385,-0.000994851863658358,0.22734202940489698,hybrid_concat,True
freesolv,scaffold,freesolv:scaffold:mae,mae,primary,morgan_vs_rdkit_rf,Effect of adding Morgan fingerprints to Random Forest,rf_rdkit_morgan,rf_rdkit,10,2.009144012795554,1.9545268031394898,0.0546172096560642,0.041750481038124065,0.013311278999799774,0.09592314031232863,0.8181818181818182,5.0,0.01953125,0.041015625,0.08714085752480923,0.20654656104604385,-0.009753434080549309,0.11898785339267771,rf_rdkit,True
freesolv,scaffold,freesolv:scaffold:mae,mae,primary,xgb_vs_rf_morgan,Effect of XGBoost rather than Random Forest,xgb_rdkit_morgan,rf_rdkit_morgan,10,2.63462203053989,2.009144012795554,0.6254780177443358,0.7259327159642964,0.19601431922167983,1.0549417162669916,0.8545454545454545,4.0,0.013671875,0.041015625,0.06364089396033083,0.20654656104604385,-0.04379281809428681,1.2947488535829583,rf_rdkit_morgan,True
freesolv,scaffold,freesolv:scaffold:r2,r2,secondary,edge_vs_node,Effect of explicit bond-edge attributes,edge_gnn,node_gnn,10,0.6103563459858921,0.6266368183264653,-0.016280472340573247,0.004960592332406755,-0.09346671936518564,0.060905774684039134,-0.16363636363636364,23.0,0.6953125,0.6953125,0.7664333017852217,0.7664333017852217,-0.13656655062638098,0.10400560594523447,node_gnn,False
freesolv,scaffold,freesolv:scaffold:r2,r2,secondary,concat_vs_edge,Effect of adding RDKit descriptors to edge-aware GNN,hybrid_concat,edge_gnn,10,0.8050417702598143,0.6103563459858921,0.19468542427392216,0.14613960214568517,0.06757837730734223,0.3217924712405021,1.0,0.0,0.001953125,0.009765625,0.053270500836907174,0.2130820033476287,-0.003396601883206618,0.39276745043105094,hybrid_concat,True
freesolv,scaffold,freesolv:scaffold:r2,r2,secondary,gated_vs_concat,Effect of gated rather than concatenated fusion,hybrid_gated,hybrid_concat,10,0.775254513816907,0.8050417702598143,-0.02978725644290714,-0.0261818841252775,-0.0535476555755252,-0.006026857310289076,-0.7818181818181819,6.0,0.02734375,0.08203125,0.10213535270452835,0.30640605811358507,-0.06681516413813152,0.007240651252317237,hybrid_concat,False
freesolv,scaffold,freesolv:scaffold:r2,r2,secondary,morgan_vs_rdkit_rf,Effect of adding Morgan fingerprints to Random Forest,rf_rdkit_morgan,rf_rdkit,10,0.45511368505681044,0.5554801097030417,-0.10036642464623124,-0.10816487367269606,-0.12521585245027325,-0.07551699684218924,-1.0,0.0,0.001953125,0.009765625,0.00023984617604610884,0.0011992308802305442,-0.13909146095019104,-0.061641388342271446,rf_rdkit,True
freesolv,scaffold,freesolv:scaffold:r2,r2,secondary,xgb_vs_rf_morgan,Effect of XGBoost rather than Random Forest,xgb_rdkit_morgan,rf_rdkit_morgan,10,0.20032008117768774,0.45511368505681044,-0.2547936038791228,-0.22373958384530285,-0.500864460168088,-0.008722747590157592,-0.6363636363636364,10.0,0.083984375,0.16796875,0.16707463959105387,0.33414927918210774,-0.6382673368874399,0.12868012912919424,rf_rdkit_morgan,False
lipophilicity,random,lipophilicity:random:rmse,rmse,primary,edge_vs_node,Effect of explicit bond-edge attributes,edge_gnn,node_gnn,10,0.6185197031385876,0.632071934625046,-0.013552231486458422,-0.018167203691703604,-0.03097833235227042,0.0038738693793535766,-0.5636363636363636,12.0,0.130859375,0.392578125,0.2881286879445207,0.8643860638335621,-0.04070884829013661,0.013604385317219763,edge_gnn,False
lipophilicity,random,lipophilicity:random:rmse,rmse,primary,concat_vs_edge,Effect of adding RDKit descriptors to edge-aware GNN,hybrid_concat,edge_gnn,10,0.6246273645090641,0.6185197031385876,0.0061076613704766245,0.019571873972773546,-0.03069797404105402,0.04291329678200727,0.2727272727272727,20.0,0.4921875,0.984375,0.8150429032774342,1.0,-0.051249778758184754,0.063465101499138,edge_gnn,False
lipophilicity,random,lipophilicity:random:rmse,rmse,primary,gated_vs_concat,Effect of gated rather than concatenated fusion,hybrid_gated,hybrid_concat,10,0.6219060483782717,0.6246273645090641,-0.002721316130792495,0.0009299424581758475,-0.012876287270117906,0.0074336550085329165,-0.2,22.0,0.625,0.984375,0.7063207796495807,1.0,-0.018546695658126094,0.013104063396541103,hybrid_gated,False
lipophilicity,random,lipophilicity:random:rmse,rmse,primary,morgan_vs_rdkit_rf,Effect of adding Morgan fingerprints to Random Forest,rf_rdkit_morgan,rf_rdkit,10,0.766416318748417,0.7441678212592293,0.022248497489187648,0.0212290331068839,0.0193785688226088,0.025118426155766496,1.0,0.0,0.001953125,0.009765625,1.3284240066578732e-06,5.313696026631493e-06,0.017776036687294935,0.02672095829108036,rf_rdkit,True
lipophilicity,random,lipophilicity:random:rmse,rmse,primary,xgb_vs_rf_morgan,Effect of XGBoost rather than Random Forest,xgb_rdkit_morgan,rf_rdkit_morgan,10,0.639352891573895,0.766416318748417,-0.12706342717452196,-0.12704864261502236,-0.1389502392997063,-0.11517661504933761,-1.0,0.0,0.001953125,0.009765625,8.402942753766742e-08,4.201471376883371e-07,-0.1455876859508644,-0.10853916839817951,xgb_rdkit_morgan,True
lipophilicity,random,lipophilicity:random:mae,mae,primary,edge_vs_node,Effect of explicit bond-edge attributes,edge_gnn,node_gnn,10,0.4412070551717937,0.45844810301323696,-0.017241047841443268,-0.01686399513164441,-0.03198182240150576,-0.0025002732813807754,-0.7818181818181819,6.0,0.02734375,0.08203125,0.12376944106396931,0.37130832319190793,-0.040212885844652935,0.005730790161766398,edge_gnn,False
lipophilicity,random,lipophilicity:random:mae,mae,primary,concat_vs_edge,Effect of adding RDKit descriptors to edge-aware GNN,hybrid_concat,edge_gnn,10,0.45319592821827764,0.4412070551717937,0.011988873046483911,0.007402319767461474,-0.0056922843742517396,0.02967003046721956,0.4909090909090909,14.0,0.193359375,0.38671875,0.35070080341363175,0.7014016068272635,-0.015565220690138971,0.039542966783106794,edge_gnn,False
lipophilicity,random,lipophilicity:random:mae,mae,primary,gated_vs_concat,Effect of gated rather than concatenated fusion,hybrid_gated,hybrid_concat,10,0.45153474802149596,0.45319592821827764,-0.001661180196781642,-0.0015573988557479046,-0.010377696288002284,0.0070553358944390005,-0.09090909090909091,25.0,0.845703125,0.845703125,0.7883018541116346,0.7883018541116346,-0.015244889437026753,0.01192252904346347,hybrid_gated,False
lipophilicity,random,lipophilicity:random:mae,mae,primary,morgan_vs_rdkit_rf,Effect of adding Morgan fingerprints to Random Forest,rf_rdkit_morgan,rf_rdkit,10,0.5907984191130676,0.5725534979384284,0.018244921174639227,0.01803878082816457,0.015554984620229122,0.020934857729049332,1.0,0.0,0.001953125,0.009765625,4.072023570511278e-06,1.6288094282045113e-05,0.014052957820539946,0.02243688452873851,rf_rdkit,True
lipophilicity,random,lipophilicity:random:mae,mae,primary,xgb_vs_rf_morgan,Effect of XGBoost rather than Random Forest,xgb_rdkit_morgan,rf_rdkit_morgan,10,0.4781833516458368,0.5907984191130676,-0.11261506746723082,-0.11340038185673984,-0.12009571604731907,-0.10513441888714257,-1.0,0.0,0.001953125,0.009765625,4.151001258704309e-09,2.0755006293521545e-08,-0.12427281629450813,-0.10095731863995351,xgb_rdkit_morgan,True
lipophilicity,random,lipophilicity:random:r2,r2,secondary,edge_vs_node,Effect of explicit bond-edge attributes,edge_gnn,node_gnn,10,0.7334338941290912,0.723668934458231,0.009764959670860385,0.014698319827432305,-0.006835616930049516,0.026365536271770285,0.5272727272727272,13.0,0.16015625,0.48046875,0.4153220493780495,1.0,-0.016105170482894476,0.035635089824615246,edge_gnn,False
lipophilicity,random,lipophilicity:random:r2,r2,secondary,concat_vs_edge,Effect of adding RDKit descriptors to edge-aware GNN,hybrid_concat,edge_gnn,10,0.7315447843280454,0.7334338941290912,-0.0018891098010459851,-0.016916994632856286,-0.0378665812414419,0.034088361639349925,-0.2727272727272727,20.0,0.4921875,0.984375,0.9409108497790291,1.0,-0.057955949594732756,0.05417772999264078,edge_gnn,False
lipophilicity,random,lipophilicity:random:r2,r2,secondary,gated_vs_concat,Effect of gated rather than concatenated fusion,hybrid_gated,hybrid_concat,10,0.7335439504503773,0.7315447843280454,0.001999166122331897,-0.0007417874369827215,-0.006959768756667898,0.010958101001331691,0.16363636363636364,23.0,0.6953125,0.984375,0.7533982899765682,1.0,-0.011962325513207752,0.015960657757871546,hybrid_gated,False
lipophilicity,random,lipophilicity:random:r2,r2,secondary,morgan_vs_rdkit_rf,Effect of adding Morgan fingerprints to Random Forest,rf_rdkit_morgan,rf_rdkit,10,0.597698976057853,0.6206073908519827,-0.02290841479412965,-0.02163998507003434,-0.025489709432366142,-0.020327120155893157,-1.0,0.0,0.001953125,0.009765625,4.197277741717106e-07,1.6789110966868424e-06,-0.026931071950068886,-0.018885757638190413,rf_rdkit,True
lipophilicity,random,lipophilicity:random:r2,r2,secondary,xgb_vs_rf_morgan,Effect of XGBoost rather than Random Forest,xgb_rdkit_morgan,rf_rdkit_morgan,10,0.7197680026057515,0.597698976057853,0.12206902654789831,0.12360274987850073,0.11145306801704175,0.13268498507875487,1.0,0.0,0.001953125,0.009765625,4.445598727251068e-08,2.222799363625534e-07,0.10552525005732324,0.13861280303847337,xgb_rdkit_morgan,True
lipophilicity,scaffold,lipophilicity:scaffold:rmse,rmse,primary,edge_vs_node,Effect of explicit bond-edge attributes,edge_gnn,node_gnn,10,0.6821891188403406,0.7025736416882824,-0.02038452284794181,-0.017765088138647633,-0.03206113535879621,-0.008707910337087408,-0.9636363636363636,1.0,0.00390625,0.009765625,0.03201701941910063,0.06403403883820126,-0.03858120918437957,-0.0021878365115040425,edge_gnn,True
lipophilicity,scaffold,lipophilicity:scaffold:rmse,rmse,primary,concat_vs_edge,Effect of adding RDKit descriptors to edge-aware GNN,hybrid_concat,edge_gnn,10,0.744951259325654,0.6821891188403406,0.06276214048531334,0.06434384580852248,0.05236847676466018,0.0731558042059665,1.0,0.0,0.001953125,0.009765625,1.0590862530531929e-05,4.2363450122127716e-05,0.04656478543603636,0.07895949553459032,edge_gnn,True
lipophilicity,scaffold,lipophilicity:scaffold:rmse,rmse,primary,gated_vs_concat,Effect of gated rather than concatenated fusion,hybrid_gated,hybrid_concat,10,0.7518570494906651,0.744951259325654,0.0069057901650110606,0.00724424555707992,-0.003829610106915557,0.017641190436937678,0.41818181818181815,16.0,0.275390625,0.275390625,0.3747931464413611,0.3747931464413611,-0.009824122835250288,0.023635703165272408,hybrid_concat,False
lipophilicity,scaffold,lipophilicity:scaffold:rmse,rmse,primary,morgan_vs_rdkit_rf,Effect of adding Morgan fingerprints to Random Forest,rf_rdkit_morgan,rf_rdkit,10,0.8677614291357019,0.8391432820183242,0.028618147117377625,0.02670635060029186,0.02263613131413814,0.034600162920617114,1.0,0.0,0.001953125,0.009765625,6.725494869663798e-05,0.00020176484608991393,0.019295848794128927,0.03794044544062632,rf_rdkit,True
lipophilicity,scaffold,lipophilicity:scaffold:rmse,rmse,primary,xgb_vs_rf_morgan,Effect of XGBoost rather than Random Forest,xgb_rdkit_morgan,rf_rdkit_morgan,10,0.7421561989387582,0.8677614291357019,-0.12560523019694372,-0.12250412597719651,-0.13640822904260705,-0.1148022313512804,-1.0,0.0,0.001953125,0.009765625,4.034566245044408e-08,2.017283122522204e-07,-0.14244048796581277,-0.1087699724280747,xgb_rdkit_morgan,True
lipophilicity,scaffold,lipophilicity:scaffold:mae,mae,primary,edge_vs_node,Effect of explicit bond-edge attributes,edge_gnn,node_gnn,10,0.5164694740417002,0.5336478642497912,-0.01717839020809092,-0.01853574342678166,-0.025109157413767604,-0.009247623002414239,-1.0,0.0,0.001953125,0.009765625,0.01184702827325718,0.02369405654651436,-0.029537598250222473,-0.0048191821659593695,edge_gnn,True
lipophilicity,scaffold,lipophilicity:scaffold:mae,mae,primary,concat_vs_edge,Effect of adding RDKit descriptors to edge-aware GNN,hybrid_concat,edge_gnn,10,0.5635795010589091,0.5164694740417002,0.04711002701720872,0.04921725628013912,0.03133151680227743,0.06288853723214001,1.0,0.0,0.001953125,0.009765625,0.001893835875429825,0.005681507626289475,0.022520994798276666,0.07169905923614077,edge_gnn,True
lipophilicity,scaffold,lipophilicity:scaffold:mae,mae,primary,gated_vs_concat,Effect of gated rather than concatenated fusion,hybrid_gated,hybrid_concat,10,0.5671934138937523,0.5635795010589091,0.003613912834843225,0.006762374261875148,-0.008209494430703563,0.015437320100390011,0.45454545454545453,15.0,0.232421875,0.232421875,0.667739790718503,0.667739790718503,-0.014811536604291372,0.022039362273977823,hybrid_concat,False
lipophilicity,scaffold,lipophilicity:scaffold:mae,mae,primary,morgan_vs_rdkit_rf,Effect of adding Morgan fingerprints to Random Forest,rf_rdkit_morgan,rf_rdkit,10,0.6896438780120528,0.6644034615028198,0.025240416509232977,0.024621695716022463,0.019793967397464557,0.030686865621001397,1.0,0.0,0.001953125,0.009765625,8.584623114926342e-05,0.00034338492459705367,0.016752738593905102,0.03372809442456085,rf_rdkit,True
lipophilicity,scaffold,lipophilicity:scaffold:mae,mae,primary,xgb_vs_rf_morgan,Effect of XGBoost rather than Random Forest,xgb_rdkit_morgan,rf_rdkit_morgan,10,0.5705024228231712,0.6896438780120528,-0.11914145518888142,-0.11993787434167791,-0.12985832664233013,-0.1084245837354327,-1.0,0.0,0.001953125,0.009765625,5.969177579142971e-08,2.984588789571486e-07,-0.13584249311105706,-0.10244041726670576,xgb_rdkit_morgan,True
lipophilicity,scaffold,lipophilicity:scaffold:r2,r2,secondary,edge_vs_node,Effect of explicit bond-edge attributes,edge_gnn,node_gnn,10,0.6648067904602113,0.6440139298777601,0.020792860582451167,0.017387055146243002,0.008156794195495873,0.03342892696940646,0.9636363636363636,1.0,0.00390625,0.009765625,0.04064828709116857,0.08129657418233714,0.0011009733714911103,0.04048474779341123,edge_gnn,True
lipophilicity,scaffold,lipophilicity:scaffold:r2,r2,secondary,concat_vs_edge,Effect of adding RDKit descriptors to edge-aware GNN,hybrid_concat,edge_gnn,10,0.6001158100352104,0.6648067904602113,-0.06469098042500089,-0.06305361700485856,-0.07647706584902156,-0.05290489500098022,-1.0,0.0,0.001953125,0.009765625,2.2866451946249323e-05,9.146580778499729e-05,-0.08305826797487884,-0.04632369287512294,edge_gnn,True
lipophilicity,scaffold,lipophilicity:scaffold:r2,r2,secondary,gated_vs_concat,Effect of gated rather than concatenated fusion,hybrid_gated,hybrid_concat,10,0.5927079114953677,0.6001158100352104,-0.007407898539842628,-0.00807527037060568,-0.018790503384735573,0.003974706305050317,-0.5272727272727272,13.0,0.16015625,0.16015625,0.3694740520617382,0.3694740520617382,-0.02514640702092761,0.010330609941242352,hybrid_concat,False
lipophilicity,scaffold,lipophilicity:scaffold:r2,r2,secondary,morgan_vs_rdkit_rf,Effect of adding Morgan fingerprints to Random Forest,rf_rdkit_morgan,rf_rdkit,10,0.4581974251080541,0.4931045671516525,-0.03490714204359844,-0.03246074450846928,-0.041516847160805635,-0.028297436926391244,-1.0,0.0,0.001953125,0.009765625,3.10632735757793e-05,9.31898207273379e-05,-0.045207623513062414,-0.024606660574134465,rf_rdkit,True
lipophilicity,scaffold,lipophilicity:scaffold:r2,r2,secondary,xgb_vs_rf_morgan,Effect of XGBoost rather than Random Forest,xgb_rdkit_morgan,rf_rdkit_morgan,10,0.6034674879213286,0.4581974251080541,0.14527006281327456,0.14433799599555935,0.13435960056397775,0.15618052506257138,1.0,0.0,0.001953125,0.009765625,1.2272819191710977e-08,6.136409595855489e-08,0.12826733542539173,0.1622727902011574,xgb_rdkit_morgan,True
