dataset,split_strategy,metric,model_a,model_b,n_pairs,mean_delta,median_delta,statistic,p_value,p_holm
esol,random,rmse,edge_gnn,hybrid_concat,10,0.10021542697903044,0.09377119026030856,0.0,0.001953125,0.0546875
esol,random,rmse,edge_gnn,hybrid_gated,10,0.10767449938767895,0.12004793557875171,0.0,0.001953125,0.0546875
esol,random,rmse,edge_gnn,mean_baseline,10,-1.3706122681676,-1.4527159728716161,0.0,0.001953125,0.0546875
esol,random,rmse,edge_gnn,node_gnn,10,-0.03140847597924575,-0.039977218616114696,8.0,0.048828125,0.341796875
esol,random,rmse,edge_gnn,rf_rdkit,10,0.02794026231360147,0.025219401684940912,13.0,0.16015625,0.9609375
esol,random,rmse,edge_gnn,rf_rdkit_morgan,10,-0.017347456615321156,-0.014959872040779476,13.0,0.16015625,0.9609375
esol,random,rmse,edge_gnn,xgb_rdkit_morgan,10,0.08400724961526193,0.07143260126745876,0.0,0.001953125,0.0546875
esol,random,rmse,hybrid_concat,hybrid_gated,10,0.007459072408648504,0.005956196706374872,20.0,0.4921875,1.0
esol,random,rmse,hybrid_concat,mean_baseline,10,-1.4708276951466306,-1.5379422259805597,0.0,0.001953125,0.0546875
esol,random,rmse,hybrid_concat,node_gnn,10,-0.13162390295827617,-0.12660621542849387,0.0,0.001953125,0.0546875
esol,random,rmse,hybrid_concat,rf_rdkit,10,-0.07227516466542896,-0.05293293970238411,0.0,0.001953125,0.0546875
esol,random,rmse,hybrid_concat,rf_rdkit_morgan,10,-0.11756288359435159,-0.11264491532321091,0.0,0.001953125,0.0546875
esol,random,rmse,hybrid_concat,xgb_rdkit_morgan,10,-0.0162081773637685,0.001444604134968358,22.0,0.625,1.0
esol,random,rmse,hybrid_gated,mean_baseline,10,-1.4782867675552793,-1.5725974039981065,0.0,0.001953125,0.0546875
esol,random,rmse,hybrid_gated,node_gnn,10,-0.13908297536692465,-0.13471301868875746,0.0,0.001953125,0.0546875
esol,random,rmse,hybrid_gated,rf_rdkit,10,-0.07973423707407747,-0.07323890316416015,0.0,0.001953125,0.0546875
esol,random,rmse,hybrid_gated,rf_rdkit_morgan,10,-0.1250219560030001,-0.13091499155862169,0.0,0.001953125,0.0546875
esol,random,rmse,hybrid_gated,xgb_rdkit_morgan,10,-0.023667249772417003,-0.02046808700810812,14.0,0.193359375,0.9609375
esol,random,rmse,mean_baseline,node_gnn,10,1.3392037921883546,1.3968735164666732,0.0,0.001953125,0.0546875
esol,random,rmse,mean_baseline,rf_rdkit,10,1.3985525304812019,1.4625585467767706,0.0,0.001953125,0.0546875
esol,random,rmse,mean_baseline,rf_rdkit_morgan,10,1.3532648115522792,1.4020263507728044,0.0,0.001953125,0.0546875
esol,random,rmse,mean_baseline,xgb_rdkit_morgan,10,1.4546195177828622,1.5049953121591746,0.0,0.001953125,0.0546875
esol,random,rmse,node_gnn,rf_rdkit,10,0.059348738292847224,0.05906020193301614,6.0,0.02734375,0.21875
esol,random,rmse,node_gnn,rf_rdkit_morgan,10,0.014061019363924598,0.01257436911690829,22.0,0.625,1.0
esol,random,rmse,node_gnn,xgb_rdkit_morgan,10,0.11541572559450768,0.10761182874165703,0.0,0.001953125,0.0546875
esol,random,rmse,rf_rdkit,rf_rdkit_morgan,10,-0.045287718928922624,-0.044170185040616095,0.0,0.001953125,0.0546875
esol,random,rmse,rf_rdkit,xgb_rdkit_morgan,10,0.056066987301660466,0.0603062829541533,2.0,0.005859375,0.0546875
esol,random,rmse,rf_rdkit_morgan,xgb_rdkit_morgan,10,0.1013547062305831,0.09959043608038753,0.0,0.001953125,0.0546875
esol,random,mae,edge_gnn,hybrid_concat,10,0.09463900602000141,0.08869696380996245,0.0,0.001953125,0.0546875
esol,random,mae,edge_gnn,hybrid_gated,10,0.09419640215304527,0.10579751995675557,0.0,0.001953125,0.0546875
esol,random,mae,edge_gnn,mean_baseline,10,-1.1325666909237713,-1.171029483922376,0.0,0.001953125,0.0546875
esol,random,mae,edge_gnn,node_gnn,10,-0.02334557130113264,-0.028534840873702144,6.0,0.02734375,0.19140625
esol,random,mae,edge_gnn,rf_rdkit,10,0.030053183962100903,0.02585082273356612,6.0,0.02734375,0.19140625
esol,random,mae,edge_gnn,rf_rdkit_morgan,10,-0.0033647743902412153,-0.010035011726504728,23.0,0.6953125,1.0
esol,random,mae,edge_gnn,xgb_rdkit_morgan,10,0.0779895016482713,0.057756282484845295,0.0,0.001953125,0.0546875
esol,random,mae,hybrid_concat,hybrid_gated,10,-0.00044260386695613716,0.0024051795912742313,27.0,1.0,1.0
esol,random,mae,hybrid_concat,mean_baseline,10,-1.2272056969437728,-1.2372438785182078,0.0,0.001953125,0.0546875
esol,random,mae,hybrid_concat,node_gnn,10,-0.11798457732113403,-0.11114848616069675,0.0,0.001953125,0.0546875
esol,random,mae,hybrid_concat,rf_rdkit,10,-0.0645858220579005,-0.05373677281153641,0.0,0.001953125,0.0546875
esol,random,mae,hybrid_concat,rf_rdkit_morgan,10,-0.09800378041024263,-0.08435691744293605,0.0,0.001953125,0.0546875
esol,random,mae,hybrid_concat,xgb_rdkit_morgan,10,-0.016649504371730107,-0.010075793016209034,9.0,0.064453125,0.322265625
esol,random,mae,hybrid_gated,mean_baseline,10,-1.2267630930768165,-1.2720765708159267,0.0,0.001953125,0.0546875
esol,random,mae,hybrid_gated,node_gnn,10,-0.11754197345417791,-0.12139007241155494,0.0,0.001953125,0.0546875
esol,random,mae,hybrid_gated,rf_rdkit,10,-0.06414321819094437,-0.07015012577392835,1.0,0.00390625,0.0546875
esol,random,mae,hybrid_gated,rf_rdkit_morgan,10,-0.09756117654328647,-0.09628849121560934,0.0,0.001953125,0.0546875
esol,random,mae,hybrid_gated,xgb_rdkit_morgan,10,-0.01620690050477397,-0.019303503192285965,13.0,0.16015625,0.640625
esol,random,mae,mean_baseline,node_gnn,10,1.1092211196226387,1.126095392357511,0.0,0.001953125,0.0546875
esol,random,mae,mean_baseline,rf_rdkit,10,1.1626198748858723,1.1914536374260285,0.0,0.001953125,0.0546875
esol,random,mae,mean_baseline,rf_rdkit_morgan,10,1.12920191653353,1.15423551647009,0.0,0.001953125,0.0546875
esol,random,mae,mean_baseline,xgb_rdkit_morgan,10,1.2105561925720425,1.2234692499526036,0.0,0.001953125,0.0546875
esol,random,mae,node_gnn,rf_rdkit,10,0.053398755263233545,0.0499585103413889,1.0,0.00390625,0.0546875
esol,random,mae,node_gnn,rf_rdkit_morgan,10,0.019980796910891423,0.014522620205341924,14.0,0.193359375,0.640625
esol,random,mae,node_gnn,xgb_rdkit_morgan,10,0.10133507294940394,0.09908731648897376,0.0,0.001953125,0.0546875
esol,random,mae,rf_rdkit,rf_rdkit_morgan,10,-0.03341795835234212,-0.03973414179118895,0.0,0.001953125,0.0546875
esol,random,mae,rf_rdkit,xgb_rdkit_morgan,10,0.0479363176861704,0.03883866584866508,0.0,0.001953125,0.0546875
esol,random,mae,rf_rdkit_morgan,xgb_rdkit_morgan,10,0.08135427603851252,0.07609588481164764,0.0,0.001953125,0.0546875
esol,random,r2,edge_gnn,hybrid_concat,10,-0.030053091520162244,-0.0310463254755432,0.0,0.001953125,0.0546875
esol,random,r2,edge_gnn,hybrid_gated,10,-0.03199744267014607,-0.03155853595719721,0.0,0.001953125,0.0546875
esol,random,r2,edge_gnn,mean_baseline,10,0.9018975214668374,0.90566736391574,0.0,0.001953125,0.0546875
esol,random,r2,edge_gnn,node_gnn,10,0.010504142936837768,0.013696975210849838,9.0,0.064453125,0.451171875
esol,random,r2,edge_gnn,rf_rdkit,10,-0.009664075339345967,-0.00957031759932514,12.0,0.130859375,0.78515625
esol,random,r2,edge_gnn,rf_rdkit_morgan,10,0.00462979885836542,0.004830964463684306,14.0,0.193359375,0.966796875
esol,random,r2,edge_gnn,xgb_rdkit_morgan,10,-0.025996916139999514,-0.0234273282934207,0.0,0.001953125,0.0546875
esol,random,r2,hybrid_concat,hybrid_gated,10,-0.001944351149983825,-0.0016040044832701383,21.0,0.556640625,1.0
esol,random,r2,hybrid_concat,mean_baseline,10,0.9319506129869998,0.9336342776031417,0.0,0.001953125,0.0546875
esol,random,r2,hybrid_concat,node_gnn,10,0.04055723445700001,0.03823044849816526,0.0,0.001953125,0.0546875
esol,random,r2,hybrid_concat,rf_rdkit,10,0.020389016180816278,0.01744647993285786,0.0,0.001953125,0.0546875
esol,random,r2,hybrid_concat,rf_rdkit_morgan,10,0.03468289037852766,0.030575304163191597,0.0,0.001953125,0.0546875
esol,random,r2,hybrid_concat,xgb_rdkit_morgan,10,0.00405617538016273,-0.0004752548879222718,21.0,0.556640625,1.0
esol,random,r2,hybrid_gated,mean_baseline,10,0.9338949641369837,0.9382883660042006,0.0,0.001953125,0.0546875
esol,random,r2,hybrid_gated,node_gnn,10,0.04250158560698384,0.036159527646362266,0.0,0.001953125,0.0546875
esol,random,r2,hybrid_gated,rf_rdkit,10,0.022333367330800102,0.019923690398046756,0.0,0.001953125,0.0546875
esol,random,r2,hybrid_gated,rf_rdkit_morgan,10,0.03662724152851149,0.03747797789948648,0.0,0.001953125,0.0546875
esol,random,r2,hybrid_gated,xgb_rdkit_morgan,10,0.006000526530146555,0.006027126838498542,14.0,0.193359375,0.966796875
esol,random,r2,mean_baseline,node_gnn,10,-0.8913933785299999,-0.8958705245263114,0.0,0.001953125,0.0546875
esol,random,r2,mean_baseline,rf_rdkit,10,-0.9115615968061836,-0.9157155980652265,0.0,0.001953125,0.0546875
esol,random,r2,mean_baseline,rf_rdkit_morgan,10,-0.897267722608472,-0.900765908903117,0.0,0.001953125,0.0546875
esol,random,r2,mean_baseline,xgb_rdkit_morgan,10,-0.927894437606837,-0.9321811115274556,0.0,0.001953125,0.0546875
esol,random,r2,node_gnn,rf_rdkit,10,-0.020168218276183737,-0.018467118399478732,6.0,0.02734375,0.21875
esol,random,r2,node_gnn,rf_rdkit_morgan,10,-0.0058743440784723485,-0.00377242882515183,23.0,0.6953125,1.0
esol,random,r2,node_gnn,xgb_rdkit_morgan,10,-0.03650105907683728,-0.03323659195927442,0.0,0.001953125,0.0546875
esol,random,r2,rf_rdkit,rf_rdkit_morgan,10,0.014293874197711387,0.013116925987444517,0.0,0.001953125,0.0546875
esol,random,r2,rf_rdkit,xgb_rdkit_morgan,10,-0.016332840800653548,-0.01875016224216508,2.0,0.005859375,0.0546875
esol,random,r2,rf_rdkit_morgan,xgb_rdkit_morgan,10,-0.030626714998364935,-0.030473727631634973,0.0,0.001953125,0.0546875
esol,scaffold,rmse,edge_gnn,hybrid_concat,10,0.3200889905230969,0.28942638038034213,0.0,0.001953125,0.0546875
esol,scaffold,rmse,edge_gnn,hybrid_gated,10,0.32415393222177363,0.30323820132994816,0.0,0.001953125,0.0546875
esol,scaffold,rmse,edge_gnn,mean_baseline,10,-1.1386096228501046,-1.1595157613407516,0.0,0.001953125,0.0546875
esol,scaffold,rmse,edge_gnn,node_gnn,10,-0.04318828433400901,-0.049842626297510795,15.0,0.232421875,0.9296875
esol,scaffold,rmse,edge_gnn,rf_rdkit,10,0.19017826780290664,0.18279798119157087,0.0,0.001953125,0.0546875
esol,scaffold,rmse,edge_gnn,rf_rdkit_morgan,10,0.037114797927548994,0.04715188515884339,19.0,0.431640625,1.0
esol,scaffold,rmse,edge_gnn,xgb_rdkit_morgan,10,0.29192841194957897,0.29448759932083435,0.0,0.001953125,0.0546875
esol,scaffold,rmse,hybrid_concat,hybrid_gated,10,0.004064941698676683,0.02083056189683069,22.0,0.625,1.0
esol,scaffold,rmse,hybrid_concat,mean_baseline,10,-1.4586986133732016,-1.4938279890179085,0.0,0.001953125,0.0546875
esol,scaffold,rmse,hybrid_concat,node_gnn,10,-0.3632772748571059,-0.3477326503892768,0.0,0.001953125,0.0546875
esol,scaffold,rmse,hybrid_concat,rf_rdkit,10,-0.12991072272019027,-0.12870304144490002,1.0,0.00390625,0.0546875
esol,scaffold,rmse,hybrid_concat,rf_rdkit_morgan,10,-0.28297419259554796,-0.295735791480623,0.0,0.001953125,0.0546875
esol,scaffold,rmse,hybrid_concat,xgb_rdkit_morgan,10,-0.028160578573518013,-0.002278941715205318,21.0,0.556640625,1.0
esol,scaffold,rmse,hybrid_gated,mean_baseline,10,-1.4627635550718785,-1.5122345146744773,0.0,0.001953125,0.0546875
esol,scaffold,rmse,hybrid_gated,node_gnn,10,-0.36734221655578264,-0.3295479242824462,0.0,0.001953125,0.0546875
esol,scaffold,rmse,hybrid_gated,rf_rdkit,10,-0.133975664418867,-0.13499091835143434,0.0,0.001953125,0.0546875
esol,scaffold,rmse,hybrid_gated,rf_rdkit_morgan,10,-0.2870391342942246,-0.30979452853171247,0.0,0.001953125,0.0546875
esol,scaffold,rmse,hybrid_gated,xgb_rdkit_morgan,10,-0.0322255202721947,-0.04223230706454956,11.0,0.10546875,0.6328125
esol,scaffold,rmse,mean_baseline,node_gnn,10,1.0954213385160956,1.0882735591248598,0.0,0.001953125,0.0546875
esol,scaffold,rmse,mean_baseline,rf_rdkit,10,1.3287878906530113,1.3728516289417034,0.0,0.001953125,0.0546875
esol,scaffold,rmse,mean_baseline,rf_rdkit_morgan,10,1.1757244207776538,1.1713718906275559,0.0,0.001953125,0.0546875
esol,scaffold,rmse,mean_baseline,xgb_rdkit_morgan,10,1.4305380347996834,1.4844736685243745,0.0,0.001953125,0.0546875
esol,scaffold,rmse,node_gnn,rf_rdkit,10,0.23336655213691565,0.23303302430738382,0.0,0.001953125,0.0546875
esol,scaffold,rmse,node_gnn,rf_rdkit_morgan,10,0.080303082261558,0.054558841684525294,13.0,0.16015625,0.80078125
esol,scaffold,rmse,node_gnn,xgb_rdkit_morgan,10,0.335116696283588,0.3672227266646398,0.0,0.001953125,0.0546875
esol,scaffold,rmse,rf_rdkit,rf_rdkit_morgan,10,-0.15306346987535763,-0.1501302076710686,0.0,0.001953125,0.0546875
esol,scaffold,rmse,rf_rdkit,xgb_rdkit_morgan,10,0.1017501441466723,0.09176126017402186,0.0,0.001953125,0.0546875
esol,scaffold,rmse,rf_rdkit_morgan,xgb_rdkit_morgan,10,0.2548136140220299,0.26073980476891695,0.0,0.001953125,0.0546875
esol,scaffold,mae,edge_gnn,hybrid_concat,10,0.25439885113107585,0.24527898344063825,0.0,0.001953125,0.0546875
esol,scaffold,mae,edge_gnn,hybrid_gated,10,0.2660059030469748,0.2453630239957305,0.0,0.001953125,0.0546875
esol,scaffold,mae,edge_gnn,mean_baseline,10,-0.922207093322525,-0.9290454523893543,0.0,0.001953125,0.0546875
esol,scaffold,mae,edge_gnn,node_gnn,10,-0.03861996828426485,-0.032865546658998324,13.0,0.16015625,0.654296875
esol,scaffold,mae,edge_gnn,rf_rdkit,10,0.17601298585825775,0.1756868851942064,0.0,0.001953125,0.0546875
esol,scaffold,mae,edge_gnn,rf_rdkit_morgan,10,0.05817158835527274,0.07588747063648099,12.0,0.130859375,0.654296875
esol,scaffold,mae,edge_gnn,xgb_rdkit_morgan,10,0.25309780315131525,0.23971674524736747,0.0,0.001953125,0.0546875
esol,scaffold,mae,hybrid_concat,hybrid_gated,10,0.011607051915898992,0.028880799400011814,19.0,0.431640625,0.86328125
esol,scaffold,mae,hybrid_concat,mean_baseline,10,-1.1766059444536008,-1.2118937873130085,0.0,0.001953125,0.0546875
esol,scaffold,mae,hybrid_concat,node_gnn,10,-0.29301881941534075,-0.29579840367492294,0.0,0.001953125,0.0546875
esol,scaffold,mae,hybrid_concat,rf_rdkit,10,-0.0783858652728181,-0.08176075546134587,3.0,0.009765625,0.068359375
esol,scaffold,mae,hybrid_concat,rf_rdkit_morgan,10,-0.19622726277580313,-0.19715188553753032,0.0,0.001953125,0.0546875
esol,scaffold,mae,hybrid_concat,xgb_rdkit_morgan,10,-0.0013010479797606167,0.0037466674460068794,26.0,0.921875,0.921875
esol,scaffold,mae,hybrid_gated,mean_baseline,10,-1.1882129963695,-1.2201117529294379,0.0,0.001953125,0.0546875
esol,scaffold,mae,hybrid_gated,node_gnn,10,-0.3046258713312397,-0.2951454361671499,0.0,0.001953125,0.0546875
esol,scaffold,mae,hybrid_gated,rf_rdkit,10,-0.08999291718871709,-0.10042021692889824,1.0,0.00390625,0.0546875
esol,scaffold,mae,hybrid_gated,rf_rdkit_morgan,10,-0.2078343146917021,-0.2181978022620611,0.0,0.001953125,0.0546875
esol,scaffold,mae,hybrid_gated,xgb_rdkit_morgan,10,-0.012908099895659608,-0.03022300676584949,15.0,0.232421875,0.697265625
esol,scaffold,mae,mean_baseline,node_gnn,10,0.8835871250382603,0.8744075028519829,0.0,0.001953125,0.0546875
esol,scaffold,mae,mean_baseline,rf_rdkit,10,1.0982200791807828,1.1264725276849155,0.0,0.001953125,0.0546875
esol,scaffold,mae,mean_baseline,rf_rdkit_morgan,10,0.9803786816777977,0.9955458389856304,0.0,0.001953125,0.0546875
esol,scaffold,mae,mean_baseline,xgb_rdkit_morgan,10,1.1753048964738404,1.2160769354014485,0.0,0.001953125,0.0546875
esol,scaffold,mae,node_gnn,rf_rdkit,10,0.21463295414252262,0.22313253943289585,0.0,0.001953125,0.0546875
esol,scaffold,mae,node_gnn,rf_rdkit_morgan,10,0.09679155663953759,0.10414378609425723,3.0,0.009765625,0.068359375
esol,scaffold,mae,node_gnn,xgb_rdkit_morgan,10,0.2917177714355801,0.2906804886122563,0.0,0.001953125,0.0546875
esol,scaffold,mae,rf_rdkit,rf_rdkit_morgan,10,-0.11784139750298502,-0.11777758533316285,0.0,0.001953125,0.0546875
esol,scaffold,mae,rf_rdkit,xgb_rdkit_morgan,10,0.07708481729305748,0.07389753149845713,0.0,0.001953125,0.0546875
esol,scaffold,mae,rf_rdkit_morgan,xgb_rdkit_morgan,10,0.1949262147960425,0.2060930711488529,0.0,0.001953125,0.0546875
esol,scaffold,r2,edge_gnn,hybrid_concat,10,-0.1458563744847901,-0.12968972336404017,0.0,0.001953125,0.0546875
esol,scaffold,r2,edge_gnn,hybrid_gated,10,-0.14682918829286637,-0.14585775722114996,0.0,0.001953125,0.0546875
esol,scaffold,r2,edge_gnn,mean_baseline,10,0.8892837429509367,0.8983051733337195,0.0,0.001953125,0.0546875
esol,scaffold,r2,edge_gnn,node_gnn,10,0.02582479650484707,0.029465455883501912,15.0,0.232421875,0.9609375
esol,scaffold,r2,edge_gnn,rf_rdkit,10,-0.09359203376270298,-0.09155315226049515,0.0,0.001953125,0.0546875
esol,scaffold,r2,edge_gnn,rf_rdkit_morgan,10,-0.020114140539091364,-0.031139484698943398,19.0,0.431640625,1.0
esol,scaffold,r2,edge_gnn,xgb_rdkit_morgan,10,-0.13546054273459224,-0.13850293130803176,0.0,0.001953125,0.0546875
esol,scaffold,r2,hybrid_concat,hybrid_gated,10,-0.0009728138080762894,-0.007577930111643649,21.0,0.556640625,1.0
esol,scaffold,r2,hybrid_concat,mean_baseline,10,1.0351401174357269,1.0312229331080909,0.0,0.001953125,0.0546875
esol,scaffold,r2,hybrid_concat,node_gnn,10,0.17168117098963717,0.16940055118118713,0.0,0.001953125,0.0546875
esol,scaffold,r2,hybrid_concat,rf_rdkit,10,0.05226434072208712,0.05221435524787177,1.0,0.00390625,0.0546875
esol,scaffold,r2,hybrid_concat,rf_rdkit_morgan,10,0.12574223394569872,0.13297763946034835,0.0,0.001953125,0.0546875
esol,scaffold,r2,hybrid_concat,xgb_rdkit_morgan,10,0.01039583175019786,0.0007288906360044534,23.0,0.6953125,1.0
esol,scaffold,r2,hybrid_gated,mean_baseline,10,1.036112931243803,1.027523634727822,0.0,0.001953125,0.0546875
esol,scaffold,r2,hybrid_gated,node_gnn,10,0.17265398479771346,0.16519782687552892,0.0,0.001953125,0.0546875
esol,scaffold,r2,hybrid_gated,rf_rdkit,10,0.05323715453016341,0.05538081085721952,0.0,0.001953125,0.0546875
esol,scaffold,r2,hybrid_gated,rf_rdkit_morgan,10,0.126715047753775,0.13368675706333832,0.0,0.001953125,0.0546875
esol,scaffold,r2,hybrid_gated,xgb_rdkit_morgan,10,0.01136864555827415,0.017230144067047704,13.0,0.16015625,0.9609375
esol,scaffold,r2,mean_baseline,node_gnn,10,-0.8634589464460897,-0.8661180556743394,0.0,0.001953125,0.0546875
esol,scaffold,r2,mean_baseline,rf_rdkit,10,-0.9828757767136398,-0.9557274299647182,0.0,0.001953125,0.0546875
esol,scaffold,r2,mean_baseline,rf_rdkit_morgan,10,-0.9093978834900283,-0.8938368776644837,0.0,0.001953125,0.0546875
esol,scaffold,r2,mean_baseline,xgb_rdkit_morgan,10,-1.0247442856855289,-1.009422300149017,0.0,0.001953125,0.0546875
esol,scaffold,r2,node_gnn,rf_rdkit,10,-0.11941683026755005,-0.11161877854723967,0.0,0.001953125,0.0546875
esol,scaffold,r2,node_gnn,rf_rdkit_morgan,10,-0.045938937043938435,-0.027715469240273904,13.0,0.16015625,0.9609375
esol,scaffold,r2,node_gnn,xgb_rdkit_morgan,10,-0.1612853392394393,-0.1676874663805376,0.0,0.001953125,0.0546875
esol,scaffold,r2,rf_rdkit,rf_rdkit_morgan,10,0.07347789322361162,0.070535695298304,0.0,0.001953125,0.0546875
esol,scaffold,r2,rf_rdkit,xgb_rdkit_morgan,10,-0.04186850897188926,-0.037919200759444216,0.0,0.001953125,0.0546875
esol,scaffold,r2,rf_rdkit_morgan,xgb_rdkit_morgan,10,-0.11534640219550085,-0.12051211325307692,0.0,0.001953125,0.0546875
freesolv,random,rmse,edge_gnn,hybrid_concat,10,0.2406282029906149,0.2495062720205909,3.0,0.009765625,0.1171875
freesolv,random,rmse,edge_gnn,hybrid_gated,10,0.27777356893813526,0.2173454139606928,0.0,0.001953125,0.0546875
freesolv,random,rmse,edge_gnn,mean_baseline,10,-2.552681104354216,-2.6172020115742285,0.0,0.001953125,0.0546875
freesolv,random,rmse,edge_gnn,node_gnn,10,-0.058246300358696754,-0.024858390208770675,19.0,0.431640625,1.0
freesolv,random,rmse,edge_gnn,rf_rdkit,10,0.024303370024164096,0.07087783413617188,24.0,0.76953125,1.0
freesolv,random,rmse,edge_gnn,rf_rdkit_morgan,10,-0.19827810798827744,-0.18003070741434435,8.0,0.048828125,0.48828125
freesolv,random,rmse,edge_gnn,xgb_rdkit_morgan,10,0.1896137804062876,0.17722069637603455,9.0,0.064453125,0.580078125
freesolv,random,rmse,hybrid_concat,hybrid_gated,10,0.03714536594752042,0.006480856424438741,21.0,0.556640625,1.0
freesolv,random,rmse,hybrid_concat,mean_baseline,10,-2.793309307344831,-2.8510971447092284,0.0,0.001953125,0.0546875
freesolv,random,rmse,hybrid_concat,node_gnn,10,-0.29887450334931165,-0.30345702657648466,5.0,0.01953125,0.21484375
freesolv,random,rmse,hybrid_concat,rf_rdkit,10,-0.2163248329664508,-0.13539518465511624,1.0,0.00390625,0.05859375
freesolv,random,rmse,hybrid_concat,rf_rdkit_morgan,10,-0.4389063109788923,-0.38697521467578566,0.0,0.001953125,0.0546875
freesolv,random,rmse,hybrid_concat,xgb_rdkit_morgan,10,-0.05101442258432728,-0.03874097496995499,23.0,0.6953125,1.0
freesolv,random,rmse,hybrid_gated,mean_baseline,10,-2.8304546732923517,-3.017904464245057,0.0,0.001953125,0.0546875
freesolv,random,rmse,hybrid_gated,node_gnn,10,-0.33601986929683203,-0.3140753932312633,0.0,0.001953125,0.0546875
freesolv,random,rmse,hybrid_gated,rf_rdkit,10,-0.25347019891397127,-0.21232528613077362,1.0,0.00390625,0.05859375
freesolv,random,rmse,hybrid_gated,rf_rdkit_morgan,10,-0.4760516769264127,-0.4688421725107694,0.0,0.001953125,0.0546875
freesolv,random,rmse,hybrid_gated,xgb_rdkit_morgan,10,-0.08815978853184771,-0.11204095354862298,14.0,0.193359375,1.0
freesolv,random,rmse,mean_baseline,node_gnn,10,2.4944348039955195,2.4603511313657798,0.0,0.001953125,0.0546875
freesolv,random,rmse,mean_baseline,rf_rdkit,10,2.57698447437838,2.5815122768055883,0.0,0.001953125,0.0546875
freesolv,random,rmse,mean_baseline,rf_rdkit_morgan,10,2.3544029963659385,2.390912304450498,0.0,0.001953125,0.0546875
freesolv,random,rmse,mean_baseline,xgb_rdkit_morgan,10,2.7422948847605033,2.7722942525945253,0.0,0.001953125,0.0546875
freesolv,random,rmse,node_gnn,rf_rdkit,10,0.08254967038286083,0.07673227195869886,20.0,0.4921875,1.0
freesolv,random,rmse,node_gnn,rf_rdkit_morgan,10,-0.14003180762958067,-0.06761690299821066,17.0,0.322265625,1.0
freesolv,random,rmse,node_gnn,xgb_rdkit_morgan,10,0.24786008076498436,0.17825673822569282,10.0,0.083984375,0.671875
freesolv,random,rmse,rf_rdkit,rf_rdkit_morgan,10,-0.22258147801244155,-0.2410103459310079,0.0,0.001953125,0.0546875
freesolv,random,rmse,rf_rdkit,xgb_rdkit_morgan,10,0.16531041038212352,0.18883808965957327,1.0,0.00390625,0.05859375
freesolv,random,rmse,rf_rdkit_morgan,xgb_rdkit_morgan,10,0.38789188839456495,0.41252517527843685,0.0,0.001953125,0.0546875
freesolv,random,mae,edge_gnn,hybrid_concat,10,0.16388436662213354,0.14954228839461642,0.0,0.001953125,0.0546875
freesolv,random,mae,edge_gnn,hybrid_gated,10,0.1764660425387794,0.14846925848881404,1.0,0.00390625,0.0546875
freesolv,random,mae,edge_gnn,mean_baseline,10,-2.076830428710891,-2.137852986462497,0.0,0.001953125,0.0546875
freesolv,random,mae,edge_gnn,node_gnn,10,-0.038371660762890426,-0.030701842681327307,20.0,0.4921875,1.0
freesolv,random,mae,edge_gnn,rf_rdkit,10,0.07030596816081883,0.13594574023898087,14.0,0.193359375,1.0
freesolv,random,mae,edge_gnn,rf_rdkit_morgan,10,-0.07665400793067922,-0.032795244943650936,17.0,0.322265625,1.0
freesolv,random,mae,edge_gnn,xgb_rdkit_morgan,10,0.201705166361059,0.24034971395150445,2.0,0.005859375,0.05859375
freesolv,random,mae,hybrid_concat,hybrid_gated,10,0.012581675916645834,-0.007126620055460886,25.0,0.845703125,1.0
freesolv,random,mae,hybrid_concat,mean_baseline,10,-2.240714795333025,-2.263318241784281,0.0,0.001953125,0.0546875
freesolv,random,mae,hybrid_concat,node_gnn,10,-0.20225602738502396,-0.1919980136713516,1.0,0.00390625,0.0546875
freesolv,random,mae,hybrid_concat,rf_rdkit,10,-0.09357839846131472,-0.06672070268523933,5.0,0.01953125,0.17578125
freesolv,random,mae,hybrid_concat,rf_rdkit_morgan,10,-0.24053837455281277,-0.22321231870665817,0.0,0.001953125,0.0546875
freesolv,random,mae,hybrid_concat,xgb_rdkit_morgan,10,0.037820799738925444,0.039026135988732835,16.0,0.275390625,1.0
freesolv,random,mae,hybrid_gated,mean_baseline,10,-2.2532964712496706,-2.3421800747230996,0.0,0.001953125,0.0546875
freesolv,random,mae,hybrid_gated,node_gnn,10,-0.21483770330166982,-0.19847598305682906,0.0,0.001953125,0.0546875
freesolv,random,mae,hybrid_gated,rf_rdkit,10,-0.10616007437796053,-0.1075429216459029,1.0,0.00390625,0.0546875
freesolv,random,mae,hybrid_gated,rf_rdkit_morgan,10,-0.25312005046945857,-0.23227779549089878,0.0,0.001953125,0.0546875
freesolv,random,mae,hybrid_gated,xgb_rdkit_morgan,10,0.025239123822279608,0.004747683867305286,22.0,0.625,1.0
freesolv,random,mae,mean_baseline,node_gnn,10,2.0384587679480006,1.9634038490154806,0.0,0.001953125,0.0546875
freesolv,random,mae,mean_baseline,rf_rdkit,10,2.14713639687171,2.1230963233988014,0.0,0.001953125,0.0546875
freesolv,random,mae,mean_baseline,rf_rdkit_morgan,10,2.0001764207802117,2.0009518816974956,0.0,0.001953125,0.0546875
freesolv,random,mae,mean_baseline,xgb_rdkit_morgan,10,2.2785355950719506,2.2690302689817905,0.0,0.001953125,0.0546875
freesolv,random,mae,node_gnn,rf_rdkit,10,0.10867762892370925,0.12688678856717223,8.0,0.048828125,0.390625
freesolv,random,mae,node_gnn,rf_rdkit_morgan,10,-0.0382823471677888,0.012326917443674867,24.0,0.76953125,1.0
freesolv,random,mae,node_gnn,xgb_rdkit_morgan,10,0.24007682712394937,0.26955023060034533,0.0,0.001953125,0.0546875
freesolv,random,mae,rf_rdkit,rf_rdkit_morgan,10,-0.14695997609149805,-0.145789241459098,0.0,0.001953125,0.0546875
freesolv,random,mae,rf_rdkit,xgb_rdkit_morgan,10,0.13139919820024012,0.14536570528482695,0.0,0.001953125,0.0546875
freesolv,random,mae,rf_rdkit_morgan,xgb_rdkit_morgan,10,0.27835917429173823,0.2749309236699217,0.0,0.001953125,0.0546875
freesolv,random,r2,edge_gnn,hybrid_concat,10,-0.04440770967283555,-0.032341193412725844,2.0,0.005859375,0.0703125
freesolv,random,r2,edge_gnn,hybrid_gated,10,-0.05044510201298859,-0.03452162829366551,0.0,0.001953125,0.0546875
freesolv,random,r2,edge_gnn,mean_baseline,10,0.896746940223004,0.9073627354575537,0.0,0.001953125,0.0546875
freesolv,random,r2,edge_gnn,node_gnn,10,0.006636766190979892,0.004083890130719359,20.0,0.4921875,1.0
freesolv,random,r2,edge_gnn,rf_rdkit,10,-0.010255409816299021,-0.013238162326128067,21.0,0.556640625,1.0
freesolv,random,r2,edge_gnn,rf_rdkit_morgan,10,0.032792691575851365,0.031239527494255737,11.0,0.10546875,0.84375
freesolv,random,r2,edge_gnn,xgb_rdkit_morgan,10,-0.03501869852737548,-0.025207674433243676,8.0,0.048828125,0.48828125
freesolv,random,r2,hybrid_concat,hybrid_gated,10,-0.006037392340153036,-0.001098517379350017,20.0,0.4921875,1.0
freesolv,random,r2,hybrid_concat,mean_baseline,10,0.9411546498958396,0.9373090121191185,0.0,0.001953125,0.0546875
freesolv,random,r2,hybrid_concat,node_gnn,10,0.05104447586381544,0.06343061873524108,5.0,0.01953125,0.21484375
freesolv,random,r2,hybrid_concat,rf_rdkit,10,0.034152299856536526,0.021244947150757698,1.0,0.00390625,0.05859375
freesolv,random,r2,hybrid_concat,rf_rdkit_morgan,10,0.0772004012486869,0.07295098077635315,0.0,0.001953125,0.0546875
freesolv,random,r2,hybrid_concat,xgb_rdkit_morgan,10,0.009389011145460069,0.004170158177763894,21.0,0.556640625,1.0
freesolv,random,r2,hybrid_gated,mean_baseline,10,0.9471920422359927,0.9473851069383654,0.0,0.001953125,0.0546875
freesolv,random,r2,hybrid_gated,node_gnn,10,0.057081868203968475,0.05476883176764824,0.0,0.001953125,0.0546875
freesolv,random,r2,hybrid_gated,rf_rdkit,10,0.040189692196689566,0.037551531627042944,1.0,0.00390625,0.05859375
freesolv,random,r2,hybrid_gated,rf_rdkit_morgan,10,0.08323779358883995,0.09383189685106469,0.0,0.001953125,0.0546875
freesolv,random,r2,hybrid_gated,xgb_rdkit_morgan,10,0.015426403485613105,0.01983986825089551,13.0,0.16015625,1.0
freesolv,random,r2,mean_baseline,node_gnn,10,-0.8901101740320241,-0.881930700575472,0.0,0.001953125,0.0546875
freesolv,random,r2,mean_baseline,rf_rdkit,10,-0.907002350039303,-0.920160715969265,0.0,0.001953125,0.0546875
freesolv,random,r2,mean_baseline,rf_rdkit_morgan,10,-0.8639542486471526,-0.8663101026520186,0.0,0.001953125,0.0546875
freesolv,random,r2,mean_baseline,xgb_rdkit_morgan,10,-0.9317656387503795,-0.9478112214727721,0.0,0.001953125,0.0546875
freesolv,random,r2,node_gnn,rf_rdkit,10,-0.016892176007278915,-0.01434841161019279,19.0,0.431640625,1.0
freesolv,random,r2,node_gnn,rf_rdkit_morgan,10,0.02615592538487147,0.016053469235703888,17.0,0.322265625,1.0
freesolv,random,r2,node_gnn,xgb_rdkit_morgan,10,-0.04165546471835537,-0.03418899305051937,10.0,0.083984375,0.755859375
freesolv,random,r2,rf_rdkit,rf_rdkit_morgan,10,0.04304810139215039,0.04150150624939031,0.0,0.001953125,0.0546875
freesolv,random,r2,rf_rdkit,xgb_rdkit_morgan,10,-0.02476328871107646,-0.028655838540295686,1.0,0.00390625,0.05859375
freesolv,random,r2,rf_rdkit_morgan,xgb_rdkit_morgan,10,-0.06781139010322684,-0.07284394352683593,0.0,0.001953125,0.0546875
freesolv,scaffold,rmse,edge_gnn,hybrid_concat,10,0.6524029445109567,0.6423634359180846,0.0,0.001953125,0.0546875
freesolv,scaffold,rmse,edge_gnn,hybrid_gated,10,0.5456068254194264,0.5175855992077885,1.0,0.00390625,0.0546875
freesolv,scaffold,rmse,edge_gnn,mean_baseline,10,-2.09198176603266,-2.2325070241623797,0.0,0.001953125,0.0546875
freesolv,scaffold,rmse,edge_gnn,node_gnn,10,0.02660917363979809,-0.011814943002335099,27.0,1.0,1.0
freesolv,scaffold,rmse,edge_gnn,rf_rdkit,10,-0.19882548112159135,-0.37549779840468556,11.0,0.10546875,0.419921875
freesolv,scaffold,rmse,edge_gnn,rf_rdkit_morgan,10,-0.4785858351575598,-0.6573351691460685,10.0,0.083984375,0.419921875
freesolv,scaffold,rmse,edge_gnn,xgb_rdkit_morgan,10,-0.987270190761534,-0.9689418814911113,2.0,0.005859375,0.05859375
freesolv,scaffold,rmse,hybrid_concat,hybrid_gated,10,-0.10679611909153038,-0.12477783671029619,5.0,0.01953125,0.13671875
freesolv,scaffold,rmse,hybrid_concat,mean_baseline,10,-2.7443847105436165,-2.4574783306607433,0.0,0.001953125,0.0546875
freesolv,scaffold,rmse,hybrid_concat,node_gnn,10,-0.6257937708711587,-0.656583437128579,1.0,0.00390625,0.0546875
freesolv,scaffold,rmse,hybrid_concat,rf_rdkit,10,-0.8512284256325481,-0.7769833011252786,0.0,0.001953125,0.0546875
freesolv,scaffold,rmse,hybrid_concat,rf_rdkit_morgan,10,-1.1309887796685163,-0.9868929070833347,0.0,0.001953125,0.0546875
freesolv,scaffold,rmse,hybrid_concat,xgb_rdkit_morgan,10,-1.6396731352724907,-1.761419411579052,0.0,0.001953125,0.0546875
freesolv,scaffold,rmse,hybrid_gated,mean_baseline,10,-2.6375885914520865,-2.337039853312145,0.0,0.001953125,0.0546875
freesolv,scaffold,rmse,hybrid_gated,node_gnn,10,-0.5189976517796282,-0.5376005125376919,3.0,0.009765625,0.078125
freesolv,scaffold,rmse,hybrid_gated,rf_rdkit,10,-0.7444323065410178,-0.6810964971799365,0.0,0.001953125,0.0546875
freesolv,scaffold,rmse,hybrid_gated,rf_rdkit_morgan,10,-1.0241926605769862,-0.8826338506531353,0.0,0.001953125,0.0546875
freesolv,scaffold,rmse,hybrid_gated,xgb_rdkit_morgan,10,-1.5328770161809602,-1.6417573007256625,0.0,0.001953125,0.0546875
freesolv,scaffold,rmse,mean_baseline,node_gnn,10,2.1185909396724574,2.216494228976557,0.0,0.001953125,0.0546875
freesolv,scaffold,rmse,mean_baseline,rf_rdkit,10,1.8931562849110688,1.6758930572399848,0.0,0.001953125,0.0546875
freesolv,scaffold,rmse,mean_baseline,rf_rdkit_morgan,10,1.6133959308751002,1.5374656268817628,0.0,0.001953125,0.0546875
freesolv,scaffold,rmse,mean_baseline,xgb_rdkit_morgan,10,1.1047115752711263,1.0070592725782832,0.0,0.001953125,0.0546875
freesolv,scaffold,rmse,node_gnn,rf_rdkit,10,-0.2254346547613894,-0.2637699418106687,11.0,0.10546875,0.419921875
freesolv,scaffold,rmse,node_gnn,rf_rdkit_morgan,10,-0.505195008797358,-0.6800617656891987,9.0,0.064453125,0.38671875
freesolv,scaffold,rmse,node_gnn,xgb_rdkit_morgan,10,-1.013879364401332,-1.0315407564996084,0.0,0.001953125,0.0546875
freesolv,scaffold,rmse,rf_rdkit,rf_rdkit_morgan,10,-0.2797603540359685,-0.24632217881517837,0.0,0.001953125,0.0546875
freesolv,scaffold,rmse,rf_rdkit,xgb_rdkit_morgan,10,-0.7884447096399426,-0.9114974372406484,2.0,0.005859375,0.05859375
freesolv,scaffold,rmse,rf_rdkit_morgan,xgb_rdkit_morgan,10,-0.5086843556039741,-0.5843559505821527,10.0,0.083984375,0.419921875
freesolv,scaffold,mae,edge_gnn,hybrid_concat,10,0.4899920915915801,0.4473003236677251,1.0,0.00390625,0.0546875
freesolv,scaffold,mae,edge_gnn,hybrid_gated,10,0.3768185028209607,0.3565837327485751,3.0,0.009765625,0.107421875
freesolv,scaffold,mae,edge_gnn,mean_baseline,10,-1.2058997773011404,-1.2797397289994545,0.0,0.001953125,0.0546875
freesolv,scaffold,mae,edge_gnn,node_gnn,10,0.04136819366287978,0.14101372781158206,20.0,0.4921875,0.4921875
freesolv,scaffold,mae,edge_gnn,rf_rdkit,10,-0.26214821523647924,-0.3715643521888533,10.0,0.083984375,0.3359375
freesolv,scaffold,mae,edge_gnn,rf_rdkit_morgan,10,-0.3167654248925434,-0.4632897949357878,10.0,0.083984375,0.3359375
freesolv,scaffold,mae,edge_gnn,xgb_rdkit_morgan,10,-0.9422434426368792,-1.0324766327886157,0.0,0.001953125,0.0546875
freesolv,scaffold,mae,hybrid_concat,hybrid_gated,10,-0.11317358877061931,-0.0804776684132471,0.0,0.001953125,0.0546875
freesolv,scaffold,mae,hybrid_concat,mean_baseline,10,-1.6958918688927203,-1.6616701682416908,0.0,0.001953125,0.0546875
freesolv,scaffold,mae,hybrid_concat,node_gnn,10,-0.4486238979287003,-0.41341086214273504,0.0,0.001953125,0.0546875
freesolv,scaffold,mae,hybrid_concat,rf_rdkit,10,-0.7521403068280593,-0.793270556236684,0.0,0.001953125,0.0546875
freesolv,scaffold,mae,hybrid_concat,rf_rdkit_morgan,10,-0.8067575164841235,-0.8945663504427959,0.0,0.001953125,0.0546875
freesolv,scaffold,mae,hybrid_concat,xgb_rdkit_morgan,10,-1.4322355342284594,-1.519795493081354,0.0,0.001953125,0.0546875
freesolv,scaffold,mae,hybrid_gated,mean_baseline,10,-1.5827182801221011,-1.5735895058634024,0.0,0.001953125,0.0546875
freesolv,scaffold,mae,hybrid_gated,node_gnn,10,-0.3354503091580809,-0.3433039205642878,6.0,0.02734375,0.19140625
freesolv,scaffold,mae,hybrid_gated,rf_rdkit,10,-0.6389667180574399,-0.7075586387807473,0.0,0.001953125,0.0546875
freesolv,scaffold,mae,hybrid_gated,rf_rdkit_morgan,10,-0.6935839277135041,-0.7473400201841238,0.0,0.001953125,0.0546875
freesolv,scaffold,mae,hybrid_gated,xgb_rdkit_morgan,10,-1.31906194545784,-1.424921425483597,0.0,0.001953125,0.0546875
freesolv,scaffold,mae,mean_baseline,node_gnn,10,1.24726797096402,1.3657402367486675,0.0,0.001953125,0.0546875
freesolv,scaffold,mae,mean_baseline,rf_rdkit,10,0.9437515620646613,0.874839981991434,0.0,0.001953125,0.0546875
freesolv,scaffold,mae,mean_baseline,rf_rdkit_morgan,10,0.8891343524085971,0.8749940643993872,0.0,0.001953125,0.0546875
freesolv,scaffold,mae,mean_baseline,xgb_rdkit_morgan,10,0.26365633466426125,0.2252215182943933,14.0,0.193359375,0.38671875
freesolv,scaffold,mae,node_gnn,rf_rdkit,10,-0.30351640889935894,-0.3419630494235907,6.0,0.02734375,0.19140625
freesolv,scaffold,mae,node_gnn,rf_rdkit_morgan,10,-0.35813361855542325,-0.39624455299725947,7.0,0.037109375,0.19140625
freesolv,scaffold,mae,node_gnn,xgb_rdkit_morgan,10,-0.9836116362997588,-0.8289153640140792,0.0,0.001953125,0.0546875
freesolv,scaffold,mae,rf_rdkit,rf_rdkit_morgan,10,-0.0546172096560642,-0.041750481038124065,5.0,0.01953125,0.15625
freesolv,scaffold,mae,rf_rdkit,xgb_rdkit_morgan,10,-0.6800952274004001,-0.8098254933344038,3.0,0.009765625,0.107421875
freesolv,scaffold,mae,rf_rdkit_morgan,xgb_rdkit_morgan,10,-0.6254780177443358,-0.7259327159642964,4.0,0.013671875,0.123046875
freesolv,scaffold,r2,edge_gnn,hybrid_concat,10,-0.19468542427392216,-0.14613960214568517,0.0,0.001953125,0.0546875
freesolv,scaffold,r2,edge_gnn,hybrid_gated,10,-0.16489816783101502,-0.1390860663436887,1.0,0.00390625,0.0546875
freesolv,scaffold,r2,edge_gnn,mean_baseline,10,0.9848134327868637,1.0869718530882393,0.0,0.001953125,0.0546875
freesolv,scaffold,r2,edge_gnn,node_gnn,10,-0.016280472340573247,0.004960592332406755,23.0,0.6953125,0.6953125
freesolv,scaffold,r2,edge_gnn,rf_rdkit,10,0.05487623628285032,0.09859663528078239,11.0,0.10546875,0.419921875
freesolv,scaffold,r2,edge_gnn,rf_rdkit_morgan,10,0.15524266092908157,0.21417082973181842,10.0,0.083984375,0.419921875
freesolv,scaffold,r2,edge_gnn,xgb_rdkit_morgan,10,0.4100362648082044,0.32521838402549197,2.0,0.005859375,0.05859375
freesolv,scaffold,r2,hybrid_concat,hybrid_gated,10,0.02978725644290714,0.0261818841252775,6.0,0.02734375,0.19140625
freesolv,scaffold,r2,hybrid_concat,mean_baseline,10,1.1794988570607858,1.186408235683538,0.0,0.001953125,0.0546875
freesolv,scaffold,r2,hybrid_concat,node_gnn,10,0.17840495193334888,0.15182047232610957,1.0,0.00390625,0.0546875
freesolv,scaffold,r2,hybrid_concat,rf_rdkit,10,0.24956166055677245,0.2429802553476278,0.0,0.001953125,0.0546875
freesolv,scaffold,r2,hybrid_concat,rf_rdkit_morgan,10,0.34992808520300367,0.36031043187750356,0.0,0.001953125,0.0546875
freesolv,scaffold,r2,hybrid_concat,xgb_rdkit_morgan,10,0.6047216890821265,0.5753435649814695,0.0,0.001953125,0.0546875
freesolv,scaffold,r2,hybrid_gated,mean_baseline,10,1.1497116006178787,1.1871439916497994,0.0,0.001953125,0.0546875
freesolv,scaffold,r2,hybrid_gated,node_gnn,10,0.14861769549044174,0.12563858820083207,3.0,0.009765625,0.078125
freesolv,scaffold,r2,hybrid_gated,rf_rdkit,10,0.2197744041138653,0.2362661292269067,0.0,0.001953125,0.0546875
freesolv,scaffold,r2,hybrid_gated,rf_rdkit_morgan,10,0.32014082876009653,0.34365820815328996,0.0,0.001953125,0.0546875
freesolv,scaffold,r2,hybrid_gated,xgb_rdkit_morgan,10,0.5749344326392193,0.5001915829757225,0.0,0.001953125,0.0546875
freesolv,scaffold,r2,mean_baseline,node_gnn,10,-1.001093905127437,-1.0661745714239612,0.0,0.001953125,0.0546875
freesolv,scaffold,r2,mean_baseline,rf_rdkit,10,-0.9299371965040134,-0.9517245149362036,0.0,0.001953125,0.0546875
freesolv,scaffold,r2,mean_baseline,rf_rdkit_morgan,10,-0.8295707718577823,-0.8282694233742891,0.0,0.001953125,0.0546875
freesolv,scaffold,r2,mean_baseline,xgb_rdkit_morgan,10,-0.5747771679786593,-0.508489933981491,0.0,0.001953125,0.0546875
freesolv,scaffold,r2,node_gnn,rf_rdkit,10,0.07115670862342356,0.07428284640839561,11.0,0.10546875,0.419921875
freesolv,scaffold,r2,node_gnn,rf_rdkit_morgan,10,0.1715231332696548,0.19792882405434828,9.0,0.064453125,0.38671875
freesolv,scaffold,r2,node_gnn,xgb_rdkit_morgan,10,0.42631673714877766,0.35431665535861556,0.0,0.001953125,0.0546875
freesolv,scaffold,r2,rf_rdkit,rf_rdkit_morgan,10,0.10036642464623124,0.10816487367269606,0.0,0.001953125,0.0546875
freesolv,scaffold,r2,rf_rdkit,xgb_rdkit_morgan,10,0.35516002852535405,0.3384161543233438,2.0,0.005859375,0.05859375
freesolv,scaffold,r2,rf_rdkit_morgan,xgb_rdkit_morgan,10,0.2547936038791228,0.22373958384530285,10.0,0.083984375,0.419921875
lipophilicity,random,rmse,edge_gnn,hybrid_concat,10,-0.0061076613704766245,-0.019571873972773546,20.0,0.4921875,1.0
lipophilicity,random,rmse,edge_gnn,hybrid_gated,10,-0.00338634523968413,-0.010521221987071283,23.0,0.6953125,1.0
lipophilicity,random,rmse,edge_gnn,mean_baseline,10,-0.5912835836447683,-0.6019403119908061,0.0,0.001953125,0.0546875
lipophilicity,random,rmse,edge_gnn,node_gnn,10,-0.013552231486458422,-0.018167203691703604,12.0,0.130859375,1.0
lipophilicity,random,rmse,edge_gnn,rf_rdkit,10,-0.1256481181206418,-0.13754099543986315,1.0,0.00390625,0.0546875
lipophilicity,random,rmse,edge_gnn,rf_rdkit_morgan,10,-0.14789661560982945,-0.15889113295323343,1.0,0.00390625,0.0546875
lipophilicity,random,rmse,edge_gnn,xgb_rdkit_morgan,10,-0.020833188435307525,-0.03151421257784731,13.0,0.16015625,1.0
lipophilicity,random,rmse,hybrid_concat,hybrid_gated,10,0.002721316130792495,-0.0009299424581758475,22.0,0.625,1.0
lipophilicity,random,rmse,hybrid_concat,mean_baseline,10,-0.5851759222742916,-0.5838582644620419,0.0,0.001953125,0.0546875
lipophilicity,random,rmse,hybrid_concat,node_gnn,10,-0.007444570115981796,-0.0011083134597531519,23.0,0.6953125,1.0
lipophilicity,random,rmse,hybrid_concat,rf_rdkit,10,-0.11954045675016518,-0.11848274477751986,0.0,0.001953125,0.0546875
lipophilicity,random,rmse,hybrid_concat,rf_rdkit_morgan,10,-0.14178895423935284,-0.14258303422130109,0.0,0.001953125,0.0546875
lipophilicity,random,rmse,hybrid_concat,xgb_rdkit_morgan,10,-0.014725527064830901,-0.01796433397637276,13.0,0.16015625,1.0
lipophilicity,random,rmse,hybrid_gated,mean_baseline,10,-0.5878972384050842,-0.5936635771404809,0.0,0.001953125,0.0546875
lipophilicity,random,rmse,hybrid_gated,node_gnn,10,-0.010165886246774291,-0.013035665078859116,18.0,0.375,1.0
lipophilicity,random,rmse,hybrid_gated,rf_rdkit,10,-0.12226177288095767,-0.12688580763240942,0.0,0.001953125,0.0546875
lipophilicity,random,rmse,hybrid_gated,rf_rdkit_morgan,10,-0.14451027037014533,-0.1509378890072054,0.0,0.001953125,0.0546875
lipophilicity,random,rmse,hybrid_gated,xgb_rdkit_morgan,10,-0.017446843195623396,-0.02089459249907888,13.0,0.16015625,1.0
lipophilicity,random,rmse,mean_baseline,node_gnn,10,0.5777313521583098,0.5788322787325917,0.0,0.001953125,0.0546875
lipophilicity,random,rmse,mean_baseline,rf_rdkit,10,0.46563546552412644,0.46511358889531834,0.0,0.001953125,0.0546875
lipophilicity,random,rmse,mean_baseline,rf_rdkit_morgan,10,0.4433869680349387,0.4411522164968637,0.0,0.001953125,0.0546875
lipophilicity,random,rmse,mean_baseline,xgb_rdkit_morgan,10,0.5704503952094606,0.576520229608318,0.0,0.001953125,0.0546875
lipophilicity,random,rmse,node_gnn,rf_rdkit,10,-0.11209588663418338,-0.12719586374365593,0.0,0.001953125,0.0546875
lipophilicity,random,rmse,node_gnn,rf_rdkit_morgan,10,-0.13434438412337105,-0.14915593781433162,0.0,0.001953125,0.0546875
lipophilicity,random,rmse,node_gnn,xgb_rdkit_morgan,10,-0.007280956948849104,-0.01646127600477809,19.0,0.431640625,1.0
lipophilicity,random,rmse,rf_rdkit,rf_rdkit_morgan,10,-0.022248497489187648,-0.0212290331068839,0.0,0.001953125,0.0546875
lipophilicity,random,rmse,rf_rdkit,xgb_rdkit_morgan,10,0.10481492968533428,0.10352494797891593,0.0,0.001953125,0.0546875
lipophilicity,random,rmse,rf_rdkit_morgan,xgb_rdkit_morgan,10,0.12706342717452196,0.12704864261502236,0.0,0.001953125,0.0546875
lipophilicity,random,mae,edge_gnn,hybrid_concat,10,-0.011988873046483911,-0.007402319767461474,14.0,0.193359375,0.966796875
lipophilicity,random,mae,edge_gnn,hybrid_gated,10,-0.01032769284970227,-0.010589735602531014,16.0,0.275390625,1.0
lipophilicity,random,mae,edge_gnn,mean_baseline,10,-0.541431498550418,-0.5484905771182031,0.0,0.001953125,0.0546875
lipophilicity,random,mae,edge_gnn,node_gnn,10,-0.017241047841443268,-0.01686399513164441,6.0,0.02734375,0.19140625
lipophilicity,random,mae,edge_gnn,rf_rdkit,10,-0.13134644276663468,-0.13201257763155935,0.0,0.001953125,0.0546875
lipophilicity,random,mae,edge_gnn,rf_rdkit_morgan,10,-0.14959136394127392,-0.14723926905386228,0.0,0.001953125,0.0546875
lipophilicity,random,mae,edge_gnn,xgb_rdkit_morgan,10,-0.0369762964740431,-0.02940317065290421,0.0,0.001953125,0.0546875
lipophilicity,random,mae,hybrid_concat,hybrid_gated,10,0.001661180196781642,0.0015573988557479046,25.0,0.845703125,1.0
lipophilicity,random,mae,hybrid_concat,mean_baseline,10,-0.5294426255039341,-0.5368693412153676,0.0,0.001953125,0.0546875
lipophilicity,random,mae,hybrid_concat,node_gnn,10,-0.005252174794959358,0.005567469717958934,25.0,0.845703125,1.0
lipophilicity,random,mae,hybrid_concat,rf_rdkit,10,-0.11935756972015077,-0.11512062999768158,0.0,0.001953125,0.0546875
lipophilicity,random,mae,hybrid_concat,rf_rdkit_morgan,10,-0.13760249089478999,-0.13458757104299246,0.0,0.001953125,0.0546875
lipophilicity,random,mae,hybrid_concat,xgb_rdkit_morgan,10,-0.02498742342755919,-0.02280561436857889,1.0,0.00390625,0.0546875
lipophilicity,random,mae,hybrid_gated,mean_baseline,10,-0.5311038057007156,-0.5331498698529212,0.0,0.001953125,0.0546875
lipophilicity,random,mae,hybrid_gated,node_gnn,10,-0.006913354991741,-0.007646905932934378,22.0,0.625,1.0
lipophilicity,random,mae,hybrid_gated,rf_rdkit,10,-0.12101874991693243,-0.12208082322373082,0.0,0.001953125,0.0546875
lipophilicity,random,mae,hybrid_gated,rf_rdkit_morgan,10,-0.13926367109157164,-0.1432582961691294,0.0,0.001953125,0.0546875
lipophilicity,random,mae,hybrid_gated,xgb_rdkit_morgan,10,-0.026648603624340832,-0.027929738387442338,3.0,0.009765625,0.078125
lipophilicity,random,mae,mean_baseline,node_gnn,10,0.5241904507089747,0.5266375674368402,0.0,0.001953125,0.0546875
lipophilicity,random,mae,mean_baseline,rf_rdkit,10,0.41008505578378324,0.40979513775200255,0.0,0.001953125,0.0546875
lipophilicity,random,mae,mean_baseline,rf_rdkit_morgan,10,0.391840134609144,0.3924184564684977,0.0,0.001953125,0.0546875
lipophilicity,random,mae,mean_baseline,xgb_rdkit_morgan,10,0.5044552020763748,0.510689268297188,0.0,0.001953125,0.0546875
lipophilicity,random,mae,node_gnn,rf_rdkit,10,-0.11410539492519141,-0.11968419013134415,0.0,0.001953125,0.0546875
lipophilicity,random,mae,node_gnn,rf_rdkit_morgan,10,-0.13235031609983064,-0.13582667060497663,0.0,0.001953125,0.0546875
lipophilicity,random,mae,node_gnn,xgb_rdkit_morgan,10,-0.019735248632599834,-0.024170960061895758,7.0,0.037109375,0.22265625
lipophilicity,random,mae,rf_rdkit,rf_rdkit_morgan,10,-0.018244921174639227,-0.01803878082816457,0.0,0.001953125,0.0546875
lipophilicity,random,mae,rf_rdkit,xgb_rdkit_morgan,10,0.09437014629259158,0.09547737226794198,0.0,0.001953125,0.0546875
lipophilicity,random,mae,rf_rdkit_morgan,xgb_rdkit_morgan,10,0.11261506746723082,0.11340038185673984,0.0,0.001953125,0.0546875
lipophilicity,random,r2,edge_gnn,hybrid_concat,10,0.0018891098010459851,0.016916994632856286,20.0,0.4921875,1.0
lipophilicity,random,r2,edge_gnn,hybrid_gated,10,-0.0001100563212859118,0.008320852134597934,23.0,0.6953125,1.0
lipophilicity,random,r2,edge_gnn,mean_baseline,10,0.734743380397769,0.7542682316869083,0.0,0.001953125,0.0546875
lipophilicity,random,r2,edge_gnn,node_gnn,10,0.009764959670860385,0.014698319827432305,13.0,0.16015625,1.0
lipophilicity,random,r2,edge_gnn,rf_rdkit,10,0.11282650327710855,0.13121369812255296,1.0,0.00390625,0.0546875
lipophilicity,random,r2,edge_gnn,rf_rdkit_morgan,10,0.13573491807123822,0.15394909496654918,1.0,0.00390625,0.0546875
lipophilicity,random,r2,edge_gnn,xgb_rdkit_morgan,10,0.013665891523339913,0.027383953119733184,13.0,0.16015625,1.0
lipophilicity,random,r2,hybrid_concat,hybrid_gated,10,-0.001999166122331897,0.0007417874369827215,23.0,0.6953125,1.0
lipophilicity,random,r2,hybrid_concat,mean_baseline,10,0.7328542705967229,0.7314335391403596,0.0,0.001953125,0.0546875
lipophilicity,random,r2,hybrid_concat,node_gnn,10,0.0078758498698144,0.0008852894961443036,23.0,0.6953125,1.0
lipophilicity,random,r2,hybrid_concat,rf_rdkit,10,0.11093739347606255,0.10955471070326178,0.0,0.001953125,0.0546875
lipophilicity,random,r2,hybrid_concat,rf_rdkit_morgan,10,0.1338458082701922,0.13355098649551533,0.0,0.001953125,0.0546875
lipophilicity,random,r2,hybrid_concat,xgb_rdkit_morgan,10,0.011776781722293928,0.015313030768071889,13.0,0.16015625,1.0
lipophilicity,random,r2,hybrid_gated,mean_baseline,10,0.7348534367190548,0.7370845319843252,0.0,0.001953125,0.0546875
lipophilicity,random,r2,hybrid_gated,node_gnn,10,0.009875015992146297,0.010976386170174712,18.0,0.375,1.0
lipophilicity,random,r2,hybrid_gated,rf_rdkit,10,0.11293655959839446,0.11430090772756046,0.0,0.001953125,0.0546875
lipophilicity,random,r2,hybrid_gated,rf_rdkit_morgan,10,0.13584497439252413,0.13832250777501137,0.0,0.001953125,0.0546875
lipophilicity,random,r2,hybrid_gated,xgb_rdkit_morgan,10,0.013775947844625824,0.017192208371256734,15.0,0.232421875,1.0
lipophilicity,random,r2,mean_baseline,node_gnn,10,-0.7249784207269085,-0.745225335042504,0.0,0.001953125,0.0546875
lipophilicity,random,r2,mean_baseline,rf_rdkit,10,-0.6219168771206605,-0.6296464376475104,0.0,0.001953125,0.0546875
lipophilicity,random,r2,mean_baseline,rf_rdkit_morgan,10,-0.5990084623265307,-0.6102373169316665,0.0,0.001953125,0.0546875
lipophilicity,random,r2,mean_baseline,xgb_rdkit_morgan,10,-0.7210774888744289,-0.7230535574652612,0.0,0.001953125,0.0546875
lipophilicity,random,r2,node_gnn,rf_rdkit,10,0.10306154360624817,0.11678971590775605,0.0,0.001953125,0.0546875
lipophilicity,random,r2,node_gnn,rf_rdkit_morgan,10,0.1259699584003778,0.13839363736653548,0.0,0.001953125,0.0546875
lipophilicity,random,r2,node_gnn,xgb_rdkit_morgan,10,0.003900931852479528,0.013059311352417391,19.0,0.431640625,1.0
lipophilicity,random,r2,rf_rdkit,rf_rdkit_morgan,10,0.02290841479412965,0.02163998507003434,0.0,0.001953125,0.0546875
lipophilicity,random,r2,rf_rdkit,xgb_rdkit_morgan,10,-0.09916061175376864,-0.09739215640330834,0.0,0.001953125,0.0546875
lipophilicity,random,r2,rf_rdkit_morgan,xgb_rdkit_morgan,10,-0.12206902654789831,-0.12360274987850073,0.0,0.001953125,0.0546875
lipophilicity,scaffold,rmse,edge_gnn,hybrid_concat,10,-0.06276214048531334,-0.06434384580852248,0.0,0.001953125,0.0546875
lipophilicity,scaffold,rmse,edge_gnn,hybrid_gated,10,-0.06966793065032441,-0.06738915505253346,0.0,0.001953125,0.0546875
lipophilicity,scaffold,rmse,edge_gnn,mean_baseline,10,-0.5001045847306373,-0.4903011033695397,0.0,0.001953125,0.0546875
lipophilicity,scaffold,rmse,edge_gnn,node_gnn,10,-0.02038452284794181,-0.017765088138647633,1.0,0.00390625,0.0546875
lipophilicity,scaffold,rmse,edge_gnn,rf_rdkit,10,-0.1569541631779836,-0.15703685788191402,0.0,0.001953125,0.0546875
lipophilicity,scaffold,rmse,edge_gnn,rf_rdkit_morgan,10,-0.1855723102953612,-0.183467472751559,0.0,0.001953125,0.0546875
lipophilicity,scaffold,rmse,edge_gnn,xgb_rdkit_morgan,10,-0.05996708009841748,-0.055111914428952136,0.0,0.001953125,0.0546875
lipophilicity,scaffold,rmse,hybrid_concat,hybrid_gated,10,-0.0069057901650110606,-0.00724424555707992,16.0,0.275390625,0.580078125
lipophilicity,scaffold,rmse,hybrid_concat,mean_baseline,10,-0.43734244424532404,-0.4439043065772214,0.0,0.001953125,0.0546875
lipophilicity,scaffold,rmse,hybrid_concat,node_gnn,10,0.04237761763737154,0.04179918819597006,0.0,0.001953125,0.0546875
lipophilicity,scaffold,rmse,hybrid_concat,rf_rdkit,10,-0.09419202269267024,-0.09219570462041893,0.0,0.001953125,0.0546875
lipophilicity,scaffold,rmse,hybrid_concat,rf_rdkit_morgan,10,-0.12281016981004786,-0.12064634065736368,0.0,0.001953125,0.0546875
lipophilicity,scaffold,rmse,hybrid_concat,xgb_rdkit_morgan,10,0.0027950603868958646,0.008921567687030563,20.0,0.4921875,0.580078125
lipophilicity,scaffold,rmse,hybrid_gated,mean_baseline,10,-0.43043665408031295,-0.4270888213562765,0.0,0.001953125,0.0546875
lipophilicity,scaffold,rmse,hybrid_gated,node_gnn,10,0.04928340780238259,0.04452094885556296,0.0,0.001953125,0.0546875
lipophilicity,scaffold,rmse,hybrid_gated,rf_rdkit,10,-0.08728623252765919,-0.08201308718076045,0.0,0.001953125,0.0546875
lipophilicity,scaffold,rmse,hybrid_gated,rf_rdkit_morgan,10,-0.11590437964503679,-0.10740422872925942,0.0,0.001953125,0.0546875
lipophilicity,scaffold,rmse,hybrid_gated,xgb_rdkit_morgan,10,0.009700850551906925,0.012523701763796913,14.0,0.193359375,0.580078125
lipophilicity,scaffold,rmse,mean_baseline,node_gnn,10,0.4797200618826955,0.48047974281841194,0.0,0.001953125,0.0546875
lipophilicity,scaffold,rmse,mean_baseline,rf_rdkit,10,0.3431504215526538,0.34745860044391824,0.0,0.001953125,0.0546875
lipophilicity,scaffold,rmse,mean_baseline,rf_rdkit_morgan,10,0.3145322744352762,0.3148202951576506,0.0,0.001953125,0.0546875
lipophilicity,scaffold,rmse,mean_baseline,xgb_rdkit_morgan,10,0.4401375046322199,0.4432919659223634,0.0,0.001953125,0.0546875
lipophilicity,scaffold,rmse,node_gnn,rf_rdkit,10,-0.13656964033004176,-0.1417355502066216,0.0,0.001953125,0.0546875
lipophilicity,scaffold,rmse,node_gnn,rf_rdkit_morgan,10,-0.1651877874474194,-0.16780942012444744,0.0,0.001953125,0.0546875
lipophilicity,scaffold,rmse,node_gnn,xgb_rdkit_morgan,10,-0.03958255725047567,-0.038702994776594835,0.0,0.001953125,0.0546875
lipophilicity,scaffold,rmse,rf_rdkit,rf_rdkit_morgan,10,-0.028618147117377625,-0.02670635060029186,0.0,0.001953125,0.0546875
lipophilicity,scaffold,rmse,rf_rdkit,xgb_rdkit_morgan,10,0.0969870830795661,0.09913511746118558,0.0,0.001953125,0.0546875
lipophilicity,scaffold,rmse,rf_rdkit_morgan,xgb_rdkit_morgan,10,0.12560523019694372,0.12250412597719651,0.0,0.001953125,0.0546875
lipophilicity,scaffold,mae,edge_gnn,hybrid_concat,10,-0.04711002701720872,-0.04921725628013912,0.0,0.001953125,0.0546875
lipophilicity,scaffold,mae,edge_gnn,hybrid_gated,10,-0.050723939852051945,-0.045832202840377256,0.0,0.001953125,0.0546875
lipophilicity,scaffold,mae,edge_gnn,mean_baseline,10,-0.44355458513867807,-0.44132444121038317,0.0,0.001953125,0.0546875
lipophilicity,scaffold,mae,edge_gnn,node_gnn,10,-0.01717839020809092,-0.01853574342678166,0.0,0.001953125,0.0546875
lipophilicity,scaffold,mae,edge_gnn,rf_rdkit,10,-0.14793398746111946,-0.1462509985956389,0.0,0.001953125,0.0546875
lipophilicity,scaffold,mae,edge_gnn,rf_rdkit_morgan,10,-0.17317440397035244,-0.17398502223543977,0.0,0.001953125,0.0546875
lipophilicity,scaffold,mae,edge_gnn,xgb_rdkit_morgan,10,-0.05403294878147104,-0.050157021770829424,0.0,0.001953125,0.0546875
lipophilicity,scaffold,mae,hybrid_concat,hybrid_gated,10,-0.003613912834843225,-0.006762374261875148,15.0,0.232421875,0.697265625
lipophilicity,scaffold,mae,hybrid_concat,mean_baseline,10,-0.39644455812146934,-0.41179163469547914,0.0,0.001953125,0.0546875
lipophilicity,scaffold,mae,hybrid_concat,node_gnn,10,0.0299316368091178,0.03145093745495142,0.0,0.001953125,0.0546875
lipophilicity,scaffold,mae,hybrid_concat,rf_rdkit,10,-0.10082396044391073,-0.09789367774269991,0.0,0.001953125,0.0546875
lipophilicity,scaffold,mae,hybrid_concat,rf_rdkit_morgan,10,-0.1260643769531437,-0.12568320153232432,0.0,0.001953125,0.0546875
lipophilicity,scaffold,mae,hybrid_concat,xgb_rdkit_morgan,10,-0.0069229217642623134,-0.001376017840745869,18.0,0.375,0.75
lipophilicity,scaffold,mae,hybrid_gated,mean_baseline,10,-0.3928306452866262,-0.4018024912910509,0.0,0.001953125,0.0546875
lipophilicity,scaffold,mae,hybrid_gated,node_gnn,10,0.033545549643961024,0.029900022010162952,0.0,0.001953125,0.0546875
lipophilicity,scaffold,mae,hybrid_gated,rf_rdkit,10,-0.09721004760906751,-0.09557896367656615,0.0,0.001953125,0.0546875
lipophilicity,scaffold,mae,hybrid_gated,rf_rdkit_morgan,10,-0.12245046411830048,-0.1146691145928766,0.0,0.001953125,0.0546875
lipophilicity,scaffold,mae,hybrid_gated,xgb_rdkit_morgan,10,-0.003309008929419088,-0.009016648813191697,20.0,0.4921875,0.75
lipophilicity,scaffold,mae,mean_baseline,node_gnn,10,0.4263761949305872,0.42648180409112646,0.0,0.001953125,0.0546875
lipophilicity,scaffold,mae,mean_baseline,rf_rdkit,10,0.29562059767755866,0.30193143676360656,0.0,0.001953125,0.0546875
lipophilicity,scaffold,mae,mean_baseline,rf_rdkit_morgan,10,0.27038018116832563,0.2756471887483058,0.0,0.001953125,0.0546875
lipophilicity,scaffold,mae,mean_baseline,xgb_rdkit_morgan,10,0.3895216363572071,0.38986780097567403,0.0,0.001953125,0.0546875
lipophilicity,scaffold,mae,node_gnn,rf_rdkit,10,-0.13075559725302854,-0.13310695755981616,0.0,0.001953125,0.0546875
lipophilicity,scaffold,mae,node_gnn,rf_rdkit_morgan,10,-0.15599601376226152,-0.16077764039356424,0.0,0.001953125,0.0546875
lipophilicity,scaffold,mae,node_gnn,xgb_rdkit_morgan,10,-0.03685455857338012,-0.03948310411614586,0.0,0.001953125,0.0546875
lipophilicity,scaffold,mae,rf_rdkit,rf_rdkit_morgan,10,-0.025240416509232977,-0.024621695716022463,0.0,0.001953125,0.0546875
lipophilicity,scaffold,mae,rf_rdkit,xgb_rdkit_morgan,10,0.09390103867964841,0.0945114530238918,0.0,0.001953125,0.0546875
lipophilicity,scaffold,mae,rf_rdkit_morgan,xgb_rdkit_morgan,10,0.11914145518888142,0.11993787434167791,0.0,0.001953125,0.0546875
lipophilicity,scaffold,r2,edge_gnn,hybrid_concat,10,0.06469098042500089,0.06305361700485856,0.0,0.001953125,0.0546875
lipophilicity,scaffold,r2,edge_gnn,hybrid_gated,10,0.07209887896484352,0.06961470253976587,0.0,0.001953125,0.0546875
lipophilicity,scaffold,r2,edge_gnn,mean_baseline,10,0.6702103340993595,0.6688040254189139,0.0,0.001953125,0.0546875
lipophilicity,scaffold,r2,edge_gnn,node_gnn,10,0.020792860582451167,0.017387055146243002,1.0,0.00390625,0.0546875
lipophilicity,scaffold,r2,edge_gnn,rf_rdkit,10,0.17170222330855875,0.17318394969864498,0.0,0.001953125,0.0546875
lipophilicity,scaffold,r2,edge_gnn,rf_rdkit_morgan,10,0.20660936535215715,0.2124061910879893,0.0,0.001953125,0.0546875
lipophilicity,scaffold,r2,edge_gnn,xgb_rdkit_morgan,10,0.061339302538882604,0.05900012541916794,0.0,0.001953125,0.0546875
lipophilicity,scaffold,r2,hybrid_concat,hybrid_gated,10,0.007407898539842628,0.00807527037060568,13.0,0.16015625,0.48046875
lipophilicity,scaffold,r2,hybrid_concat,mean_baseline,10,0.6055193536743586,0.6146552590110361,0.0,0.001953125,0.0546875
lipophilicity,scaffold,r2,hybrid_concat,node_gnn,10,-0.043898119842549724,-0.04385703200405716,0.0,0.001953125,0.0546875
lipophilicity,scaffold,r2,hybrid_concat,rf_rdkit,10,0.10701124288355786,0.10591659050253205,0.0,0.001953125,0.0546875
lipophilicity,scaffold,r2,hybrid_concat,rf_rdkit_morgan,10,0.1419183849271563,0.139696076846999,0.0,0.001953125,0.0546875
lipophilicity,scaffold,r2,hybrid_concat,xgb_rdkit_morgan,10,-0.003351677886118287,-0.009543166412748383,19.0,0.431640625,0.48046875
lipophilicity,scaffold,r2,hybrid_gated,mean_baseline,10,0.5981114551345159,0.5960079682650643,0.0,0.001953125,0.0546875
lipophilicity,scaffold,r2,hybrid_gated,node_gnn,10,-0.05130601838239235,-0.048113721050352554,0.0,0.001953125,0.0546875
lipophilicity,scaffold,r2,hybrid_gated,rf_rdkit,10,0.09960334434371523,0.0907357364675554,0.0,0.001953125,0.0546875
lipophilicity,scaffold,r2,hybrid_gated,rf_rdkit_morgan,10,0.13451048638731367,0.12717970125162567,0.0,0.001953125,0.0546875
lipophilicity,scaffold,r2,hybrid_gated,xgb_rdkit_morgan,10,-0.010759576425960916,-0.01357982194431867,14.0,0.193359375,0.48046875
lipophilicity,scaffold,r2,mean_baseline,node_gnn,10,-0.6494174735169084,-0.6587628839789057,0.0,0.001953125,0.0546875
lipophilicity,scaffold,r2,mean_baseline,rf_rdkit,10,-0.4985081107908008,-0.5020904464070439,0.0,0.001953125,0.0546875
lipophilicity,scaffold,r2,mean_baseline,rf_rdkit_morgan,10,-0.4636009687472023,-0.4641451308925376,0.0,0.001953125,0.0546875
lipophilicity,scaffold,r2,mean_baseline,xgb_rdkit_morgan,10,-0.6088710315604768,-0.6101777199627001,0.0,0.001953125,0.0546875
lipophilicity,scaffold,r2,node_gnn,rf_rdkit,10,0.15090936272610758,0.15326630113461143,0.0,0.001953125,0.0546875
lipophilicity,scaffold,r2,node_gnn,rf_rdkit_morgan,10,0.18581650476970601,0.19082012022964906,0.0,0.001953125,0.0546875
lipophilicity,scaffold,r2,node_gnn,xgb_rdkit_morgan,10,0.04054644195643144,0.039055095837921716,0.0,0.001953125,0.0546875
lipophilicity,scaffold,r2,rf_rdkit,rf_rdkit_morgan,10,0.03490714204359844,0.03246074450846928,0.0,0.001953125,0.0546875
lipophilicity,scaffold,r2,rf_rdkit,xgb_rdkit_morgan,10,-0.11036292076967616,-0.1105387300445767,0.0,0.001953125,0.0546875
lipophilicity,scaffold,r2,rf_rdkit_morgan,xgb_rdkit_morgan,10,-0.14527006281327456,-0.14433799599555935,0.0,0.001953125,0.0546875
