dataset,split_strategy,model,similarity_bin,n,mean_similarity,mae,rmse,empirical_coverage
esol,random,edge_gnn,"(0.0,0.2]",19,0.17535615597608797,0.764119971276472,1.016690711435556,0.7894736842105263
esol,random,edge_gnn,"(0.2,0.4]",227,0.31779039627963845,0.6578327312911405,0.832457068955676,0.8370044052863436
esol,random,edge_gnn,"(0.4,0.6]",428,0.5047813430638888,0.45410539772820435,0.6209824970220194,0.9462616822429907
esol,random,edge_gnn,"(0.6,0.8]",318,0.6820306107523646,0.44914325716605863,0.6008301587192427,0.9213836477987422
esol,random,edge_gnn,"(0.8,1.0]",118,0.92567416541852,0.5088100926397533,0.6714113212937337,0.923728813559322
esol,random,hybrid_concat,"(0.0,0.2]",19,0.17535615597608797,0.7117225463486747,0.8447070330123704,0.631578947368421
esol,random,hybrid_concat,"(0.2,0.4]",227,0.31779039627963845,0.5120038240475382,0.7055341510314513,0.8722466960352423
esol,random,hybrid_concat,"(0.4,0.6]",428,0.5047813430638888,0.39811353907143165,0.5621662303679796,0.9322429906542056
esol,random,hybrid_concat,"(0.6,0.8]",318,0.6820306107523646,0.36111313058245126,0.4964730009733985,0.9308176100628931
esol,random,hybrid_concat,"(0.8,1.0]",118,0.92567416541852,0.3478568053042464,0.49325426137338774,0.923728813559322
esol,random,hybrid_gated,"(0.0,0.2]",19,0.17535615597608797,0.6923489547243691,0.8420051241049334,0.6842105263157895
esol,random,hybrid_gated,"(0.2,0.4]",227,0.31779039627963845,0.5139215996417023,0.6836180691739359,0.8898678414096917
esol,random,hybrid_gated,"(0.4,0.6]",428,0.5047813430638888,0.39663216950336255,0.5656677492039496,0.9299065420560748
esol,random,hybrid_gated,"(0.6,0.8]",318,0.6820306107523646,0.3579216066482535,0.47814188015746484,0.949685534591195
esol,random,hybrid_gated,"(0.8,1.0]",118,0.92567416541852,0.3654244685204859,0.5135973041140813,0.923728813559322
esol,random,mean_baseline,"(0.0,0.2]",19,0.17535615597608797,1.7105803840578921,2.0913065366271253,0.9473684210526315
esol,random,mean_baseline,"(0.2,0.4]",227,0.31779039627963845,1.6135031399841997,1.9790518396831893,0.9427312775330396
esol,random,mean_baseline,"(0.4,0.6]",428,0.5047813430638888,1.6175808321267455,1.994881561748603,0.9369158878504673
esol,random,mean_baseline,"(0.6,0.8]",318,0.6820306107523646,1.6635883200864112,2.104457681132997,0.9088050314465409
esol,random,mean_baseline,"(0.8,1.0]",118,0.92567416541852,1.6788785704191342,2.222804079859939,0.8983050847457628
esol,random,node_gnn,"(0.0,0.2]",19,0.17535615597608797,0.9945886283487584,1.192615272321545,0.6842105263157895
esol,random,node_gnn,"(0.2,0.4]",227,0.31779039627963845,0.7136128302460385,0.9077424573835338,0.7973568281938326
esol,random,node_gnn,"(0.4,0.6]",428,0.5047813430638888,0.4717196148380116,0.6343629223223033,0.9299065420560748
esol,random,node_gnn,"(0.6,0.8]",318,0.6820306107523646,0.45567835865999234,0.6088192649021082,0.9433962264150944
esol,random,node_gnn,"(0.8,1.0]",118,0.92567416541852,0.5025011943266474,0.6774955891697162,0.940677966101695
esol,random,rf_rdkit,"(0.0,0.2]",19,0.17535615597608797,0.8099196020994143,0.9676237303098194,0.6842105263157895
esol,random,rf_rdkit,"(0.2,0.4]",227,0.31779039627963845,0.6239234147713342,0.7963355992410046,0.8678414096916299
esol,random,rf_rdkit,"(0.4,0.6]",428,0.5047813430638888,0.46057276394696073,0.64297709151323,0.9088785046728972
esol,random,rf_rdkit,"(0.6,0.8]",318,0.6820306107523646,0.38700986512206864,0.5200591857895466,0.9559748427672956
esol,random,rf_rdkit,"(0.8,1.0]",118,0.92567416541852,0.4279505468328821,0.6027909630995533,0.923728813559322
esol,random,rf_rdkit_morgan,"(0.0,0.2]",19,0.17535615597608797,0.8261318089652219,0.9962067376695575,0.7894736842105263
esol,random,rf_rdkit_morgan,"(0.2,0.4]",227,0.31779039627963845,0.6823491495978661,0.8651149959689346,0.8546255506607929
esol,random,rf_rdkit_morgan,"(0.4,0.6]",428,0.5047813430638888,0.48908521150565193,0.6944946060115527,0.8995327102803738
esol,random,rf_rdkit_morgan,"(0.6,0.8]",318,0.6820306107523646,0.420900257008795,0.5554915213279406,0.949685534591195
esol,random,rf_rdkit_morgan,"(0.8,1.0]",118,0.92567416541852,0.43255044395091463,0.6072860974786657,0.9322033898305084
esol,random,xgb_rdkit_morgan,"(0.0,0.2]",19,0.17535615597608797,0.7219161519768731,0.8119746213393597,0.7894736842105263
esol,random,xgb_rdkit_morgan,"(0.2,0.4]",227,0.31779039627963845,0.5519202159539635,0.7309292756810578,0.8502202643171806
esol,random,xgb_rdkit_morgan,"(0.4,0.6]",428,0.5047813430638888,0.42196397889383114,0.5995033106080726,0.9228971962616822
esol,random,xgb_rdkit_morgan,"(0.6,0.8]",318,0.6820306107523646,0.35125093882847985,0.4793421081689933,0.9528301886792453
esol,random,xgb_rdkit_morgan,"(0.8,1.0]",118,0.92567416541852,0.3661147639203652,0.5079144209644834,0.9152542372881356
esol,scaffold,edge_gnn,"(0.0,0.2]",142,0.17373746989256714,0.8925474858797547,1.1293581375326855,0.8943661971830986
esol,scaffold,edge_gnn,"(0.2,0.4]",598,0.3031366793852631,0.9939534171168614,1.2497842985782248,0.8595317725752508
esol,scaffold,edge_gnn,"(0.4,0.6]",292,0.4798828912073811,0.8922067317470858,1.1673533225462673,0.9041095890410958
esol,scaffold,edge_gnn,"(0.6,0.8]",41,0.6889350051254206,0.5326829819222504,0.6420305481561844,1.0
esol,scaffold,edge_gnn,"(0.8,1.0]",37,0.9393742341110762,0.8156303332421188,0.9922000292600454,0.9459459459459459
esol,scaffold,hybrid_concat,"(0.0,0.2]",142,0.17373746989256714,0.6462025647090085,0.8023360347418724,0.9507042253521126
esol,scaffold,hybrid_concat,"(0.2,0.4]",598,0.3031366793852631,0.7262939460655214,0.921781568040314,0.8862876254180602
esol,scaffold,hybrid_concat,"(0.4,0.6]",292,0.4798828912073811,0.6564144286827155,0.8409358524505188,0.9246575342465754
esol,scaffold,hybrid_concat,"(0.6,0.8]",41,0.6889350051254206,0.4211131455607584,0.5470380500635855,0.975609756097561
esol,scaffold,hybrid_concat,"(0.8,1.0]",37,0.9393742341110762,0.4395312393251027,0.6068284419637735,0.972972972972973
esol,scaffold,hybrid_gated,"(0.0,0.2]",142,0.17373746989256714,0.5981036562794689,0.7748681024854539,0.9436619718309859
esol,scaffold,hybrid_gated,"(0.2,0.4]",598,0.3031366793852631,0.7223891169896748,0.9254769590663763,0.8929765886287625
esol,scaffold,hybrid_gated,"(0.4,0.6]",292,0.4798828912073811,0.6519366554387709,0.8444447083636992,0.886986301369863
esol,scaffold,hybrid_gated,"(0.6,0.8]",41,0.6889350051254206,0.3680783437848441,0.4676691354689583,1.0
esol,scaffold,hybrid_gated,"(0.8,1.0]",37,0.9393742341110762,0.4331323695344887,0.5932681180588739,0.972972972972973
esol,scaffold,mean_baseline,"(0.0,0.2]",142,0.17373746989256714,1.6000404064000908,1.9973491588741314,0.9577464788732394
esol,scaffold,mean_baseline,"(0.2,0.4]",598,0.3031366793852631,1.7064323968854944,2.0977661794631306,0.9515050167224081
esol,scaffold,mean_baseline,"(0.4,0.6]",292,0.4798828912073811,2.297851464486644,2.847837494815371,0.8253424657534246
esol,scaffold,mean_baseline,"(0.6,0.8]",41,0.6889350051254206,1.5189760121991578,2.046576308133004,0.9512195121951219
esol,scaffold,mean_baseline,"(0.8,1.0]",37,0.9393742341110762,2.0652836513818014,2.754613546729255,0.7837837837837838
esol,scaffold,node_gnn,"(0.0,0.2]",142,0.17373746989256714,0.9615156767671593,1.1578023556552446,0.9225352112676056
esol,scaffold,node_gnn,"(0.2,0.4]",598,0.3031366793852631,1.0524581675895672,1.3178756762289385,0.8595317725752508
esol,scaffold,node_gnn,"(0.4,0.6]",292,0.4798828912073811,0.8655466041071342,1.1328622882296766,0.9246575342465754
esol,scaffold,node_gnn,"(0.6,0.8]",41,0.6889350051254206,0.557354912978538,0.690083821720906,1.0
esol,scaffold,node_gnn,"(0.8,1.0]",37,0.9393742341110762,0.9470370630908372,1.1997606856746588,0.8918918918918919
esol,scaffold,rf_rdkit,"(0.0,0.2]",142,0.17373746989256714,0.6663837884154277,0.8790630685459765,0.8943661971830986
esol,scaffold,rf_rdkit,"(0.2,0.4]",598,0.3031366793852631,0.7740664847009133,1.0143357447526127,0.8879598662207357
esol,scaffold,rf_rdkit,"(0.4,0.6]",292,0.4798828912073811,0.8133845422891648,1.0855226880865798,0.8732876712328768
esol,scaffold,rf_rdkit,"(0.6,0.8]",41,0.6889350051254206,0.5069632315881898,0.6250350028111614,0.975609756097561
esol,scaffold,rf_rdkit,"(0.8,1.0]",37,0.9393742341110762,0.6076250739830574,0.7882885297334736,0.8918918918918919
esol,scaffold,rf_rdkit_morgan,"(0.0,0.2]",142,0.17373746989256714,0.7877328654486214,1.0336158777870976,0.9014084507042254
esol,scaffold,rf_rdkit_morgan,"(0.2,0.4]",598,0.3031366793852631,0.8956150661929445,1.1689862458931597,0.8779264214046822
esol,scaffold,rf_rdkit_morgan,"(0.4,0.6]",292,0.4798828912073811,0.9484465839577054,1.2586226834700152,0.8904109589041096
esol,scaffold,rf_rdkit_morgan,"(0.6,0.8]",41,0.6889350051254206,0.48484496930341625,0.6205761596874799,0.975609756097561
esol,scaffold,rf_rdkit_morgan,"(0.8,1.0]",37,0.9393742341110762,0.6712754292216256,0.8335903450112856,0.918918918918919
esol,scaffold,xgb_rdkit_morgan,"(0.0,0.2]",142,0.17373746989256714,0.5574424287922582,0.803235783956142,0.9084507042253521
esol,scaffold,xgb_rdkit_morgan,"(0.2,0.4]",598,0.3031366793852631,0.7193680959065245,0.9317602716685183,0.9063545150501672
esol,scaffold,xgb_rdkit_morgan,"(0.4,0.6]",292,0.4798828912073811,0.7072622339925113,0.9315380030688903,0.8664383561643836
esol,scaffold,xgb_rdkit_morgan,"(0.6,0.8]",41,0.6889350051254206,0.5139407586545209,0.6251319037370175,1.0
esol,scaffold,xgb_rdkit_morgan,"(0.8,1.0]",37,0.9393742341110762,0.42699798704100295,0.5586134545133481,1.0
freesolv,random,edge_gnn,"(0.0,0.2]",14,0.11715379665954632,1.6260292562625691,2.5873309805389426,0.7142857142857143
freesolv,random,edge_gnn,"(0.2,0.4]",127,0.32906431240352735,1.4777105649750066,2.0858304686045157,0.7952755905511811
freesolv,random,edge_gnn,"(0.4,0.6]",309,0.5052154690353111,0.7689057336923345,1.2250766547133158,0.9611650485436893
freesolv,random,edge_gnn,"(0.6,0.8]",120,0.6700987885811399,0.5878436228079468,0.7662657109400374,1.0
freesolv,random,edge_gnn,"(0.8,1.0]",70,0.9419242277330513,0.4394824226381183,0.5895774842412419,0.9857142857142858
freesolv,random,hybrid_concat,"(0.0,0.2]",14,0.11715379665954632,1.446686483849725,1.7145514425893793,0.6428571428571429
freesolv,random,hybrid_concat,"(0.2,0.4]",127,0.32906431240352735,1.0927014904059138,1.5929496465822384,0.8503937007874016
freesolv,random,hybrid_concat,"(0.4,0.6]",309,0.5052154690353111,0.650166999167728,1.0848843350055906,0.9320388349514563
freesolv,random,hybrid_concat,"(0.6,0.8]",120,0.6700987885811399,0.49917458618574334,0.711891137812538,0.975
freesolv,random,hybrid_concat,"(0.8,1.0]",70,0.9419242277330513,0.3516468513332172,0.47390625617614607,0.9857142857142858
freesolv,random,hybrid_gated,"(0.0,0.2]",14,0.11715379665954632,1.2256756745801372,1.570105273918245,0.7142857142857143
freesolv,random,hybrid_gated,"(0.2,0.4]",127,0.32906431240352735,1.07758389570061,1.6059945941640468,0.8188976377952756
freesolv,random,hybrid_gated,"(0.4,0.6]",309,0.5052154690353111,0.6425998415073771,1.008085158186026,0.9223300970873787
freesolv,random,hybrid_gated,"(0.6,0.8]",120,0.6700987885811399,0.5040942292468987,0.698939338755367,0.9583333333333334
freesolv,random,hybrid_gated,"(0.8,1.0]",70,0.9419242277330513,0.3332141059104202,0.45344143645688234,1.0
freesolv,random,mean_baseline,"(0.0,0.2]",14,0.11715379665954632,4.375390484922581,5.078011004399789,0.5714285714285714
freesolv,random,mean_baseline,"(0.2,0.4]",127,0.32906431240352735,3.299339289045546,4.463082289193785,0.8582677165354331
freesolv,random,mean_baseline,"(0.4,0.6]",309,0.5052154690353111,3.029017192084089,4.122013826830874,0.8770226537216829
freesolv,random,mean_baseline,"(0.6,0.8]",120,0.6700987885811399,2.2591140728445587,2.821903286684266,0.95
freesolv,random,mean_baseline,"(0.8,1.0]",70,0.9419242277330513,2.7310063450570614,3.303438624245305,0.9142857142857143
freesolv,random,node_gnn,"(0.0,0.2]",14,0.11715379665954632,2.0679333373737583,3.0231212423024054,0.6428571428571429
freesolv,random,node_gnn,"(0.2,0.4]",127,0.32906431240352735,1.3689376802676325,2.075065152404009,0.84251968503937
freesolv,random,node_gnn,"(0.4,0.6]",309,0.5052154690353111,0.8374967957398269,1.3186675128661334,0.948220064724919
freesolv,random,node_gnn,"(0.6,0.8]",120,0.6700987885811399,0.7010828746379475,0.9298329953780843,0.9666666666666667
freesolv,random,node_gnn,"(0.8,1.0]",70,0.9419242277330513,0.4023683328988973,0.5116537745716144,1.0
freesolv,random,rf_rdkit,"(0.0,0.2]",14,0.11715379665954632,1.5595202285221095,2.0009747729730734,0.8571428571428571
freesolv,random,rf_rdkit,"(0.2,0.4]",127,0.32906431240352735,1.1530566178661688,1.7462170613608228,0.8740157480314961
freesolv,random,rf_rdkit,"(0.4,0.6]",309,0.5052154690353111,0.829616311745311,1.4622552900021901,0.9029126213592233
freesolv,random,rf_rdkit,"(0.6,0.8]",120,0.6700987885811399,0.5165581463569401,0.7514521128099697,0.9833333333333333
freesolv,random,rf_rdkit,"(0.8,1.0]",70,0.9419242277330513,0.25321165983834415,0.3834376058299351,1.0
freesolv,random,rf_rdkit_morgan,"(0.0,0.2]",14,0.11715379665954632,2.1066236468810566,2.8191168634745547,0.5714285714285714
freesolv,random,rf_rdkit_morgan,"(0.2,0.4]",127,0.32906431240352735,1.3544173457599356,2.1016627015542606,0.8503937007874016
freesolv,random,rf_rdkit_morgan,"(0.4,0.6]",309,0.5052154690353111,0.9807801789984915,1.6349905038354666,0.9029126213592233
freesolv,random,rf_rdkit_morgan,"(0.6,0.8]",120,0.6700987885811399,0.6206772474514534,0.8140056936804599,1.0
freesolv,random,rf_rdkit_morgan,"(0.8,1.0]",70,0.9419242277330513,0.2763287639304987,0.41340109553559484,1.0
freesolv,random,xgb_rdkit_morgan,"(0.0,0.2]",14,0.11715379665954632,1.3557396134104671,1.8537873660389579,0.6428571428571429
freesolv,random,xgb_rdkit_morgan,"(0.2,0.4]",127,0.32906431240352735,1.0003190953785583,1.5128302655149042,0.8582677165354331
freesolv,random,xgb_rdkit_morgan,"(0.4,0.6]",309,0.5052154690353111,0.6693321334352605,1.2764753105828475,0.9093851132686084
freesolv,random,xgb_rdkit_morgan,"(0.6,0.8]",120,0.6700987885811399,0.47569142484771176,0.7873247867831956,0.9333333333333333
freesolv,random,xgb_rdkit_morgan,"(0.8,1.0]",70,0.9419242277330513,0.14731058552761342,0.21392372763321038,1.0
freesolv,scaffold,edge_gnn,"(0.0,0.2]",163,0.12185836705272621,2.20269315073561,2.9595455989699904,0.852760736196319
freesolv,scaffold,edge_gnn,"(0.2,0.4]",283,0.3312671021836516,1.5501721615369368,2.0130788048278934,0.9611307420494699
freesolv,scaffold,edge_gnn,"(0.4,0.6]",112,0.47360823804856045,1.2855645984001065,1.6114571072958572,1.0
freesolv,scaffold,edge_gnn,"(0.6,0.8]",2,0.7560975609756098,3.005534460008211,3.007271778547168,1.0
freesolv,scaffold,hybrid_concat,"(0.0,0.2]",163,0.12185836705272621,1.3188422310902264,1.9049241843742626,0.9079754601226994
freesolv,scaffold,hybrid_concat,"(0.2,0.4]",283,0.3312671021836516,1.230079544277315,1.597281222859622,0.950530035335689
freesolv,scaffold,hybrid_concat,"(0.4,0.6]",112,0.47360823804856045,0.9633647554669456,1.0927510354405516,0.9910714285714286
freesolv,scaffold,hybrid_concat,"(0.6,0.8]",2,0.7560975609756098,1.177895311958068,1.1904605508371728,1.0
freesolv,scaffold,hybrid_gated,"(0.0,0.2]",163,0.12185836705272621,1.3210751873998066,1.892185075421069,0.9079754601226994
freesolv,scaffold,hybrid_gated,"(0.2,0.4]",283,0.3312671021836516,1.3897146294897387,1.7568949096222757,0.950530035335689
freesolv,scaffold,hybrid_gated,"(0.4,0.6]",112,0.47360823804856045,1.116477370781349,1.2541264212380037,1.0
freesolv,scaffold,hybrid_gated,"(0.6,0.8]",2,0.7560975609756098,1.5218432133361144,1.5330369919972755,1.0
freesolv,scaffold,mean_baseline,"(0.0,0.2]",163,0.12185836705272621,3.72224277183429,5.579438682248598,0.9202453987730062
freesolv,scaffold,mean_baseline,"(0.2,0.4]",283,0.3312671021836516,3.0819334823419773,4.244261677889381,0.9328621908127208
freesolv,scaffold,mean_baseline,"(0.4,0.6]",112,0.47360823804856045,1.2745229419440336,2.3271081346701195,0.9642857142857143
freesolv,scaffold,mean_baseline,"(0.6,0.8]",2,0.7560975609756098,0.688283852412034,0.688283852412034,1.0
freesolv,scaffold,node_gnn,"(0.0,0.2]",163,0.12185836705272621,2.02658329679765,2.9313322959971204,0.8466257668711656
freesolv,scaffold,node_gnn,"(0.2,0.4]",283,0.3312671021836516,1.565045796158088,1.9807784671946995,0.9469964664310954
freesolv,scaffold,node_gnn,"(0.4,0.6]",112,0.47360823804856045,1.3102416801369021,1.6367950295098617,0.9732142857142857
freesolv,scaffold,node_gnn,"(0.6,0.8]",2,0.7560975609756098,2.288857454192159,2.3035510381763227,1.0
freesolv,scaffold,rf_rdkit,"(0.0,0.2]",163,0.12185836705272621,1.9984709969546834,3.04374275662482,0.8588957055214724
freesolv,scaffold,rf_rdkit,"(0.2,0.4]",283,0.3312671021836516,1.9806520994901038,2.295525506325217,0.9575971731448764
freesolv,scaffold,rf_rdkit,"(0.4,0.6]",112,0.47360823804856045,1.8263238679978469,1.9027990767315601,1.0
freesolv,scaffold,rf_rdkit,"(0.6,0.8]",2,0.7560975609756098,1.8557099415212903,1.8592137894175995,1.0
freesolv,scaffold,rf_rdkit_morgan,"(0.0,0.2]",163,0.12185836705272621,2.3168120350645682,3.7230783917969865,0.8773006134969326
freesolv,scaffold,rf_rdkit_morgan,"(0.2,0.4]",283,0.3312671021836516,2.052716541986747,2.4754521860879266,0.9540636042402827
freesolv,scaffold,rf_rdkit_morgan,"(0.4,0.6]",112,0.47360823804856045,1.4544549481221676,1.575313658854711,1.0
freesolv,scaffold,rf_rdkit_morgan,"(0.6,0.8]",2,0.7560975609756098,1.8312749390266876,1.83132125880043,1.0
freesolv,scaffold,xgb_rdkit_morgan,"(0.0,0.2]",163,0.12185836705272621,4.597975650090969,5.118462395763373,0.901840490797546
freesolv,scaffold,xgb_rdkit_morgan,"(0.2,0.4]",283,0.3312671021836516,1.879514069357723,2.2038425221792015,0.9893992932862191
freesolv,scaffold,xgb_rdkit_morgan,"(0.4,0.6]",112,0.47360823804856045,1.713499381812402,1.7731880342526987,1.0
freesolv,scaffold,xgb_rdkit_morgan,"(0.6,0.8]",2,0.7560975609756098,1.0519468731428516,1.0545657724941866,1.0
lipophilicity,random,edge_gnn,"(0.0,0.2]",12,0.17422219920124238,0.8059099241929853,0.9527693217386086,0.5833333333333334
lipophilicity,random,edge_gnn,"(0.2,0.4]",832,0.32023035294025876,0.637051281524298,0.8951364060176614,0.7908653846153846
lipophilicity,random,edge_gnn,"(0.4,0.6]",748,0.5016404781433809,0.5220237423627836,0.7040701073707987,0.8649732620320856
lipophilicity,random,edge_gnn,"(0.6,0.8]",1668,0.7186756798208712,0.3791681214208526,0.5027315594423168,0.9370503597122302
lipophilicity,random,edge_gnn,"(0.8,1.0]",940,0.8738569453846952,0.3089849580698483,0.4064241417410539,0.9702127659574468
lipophilicity,random,hybrid_concat,"(0.0,0.2]",12,0.17422219920124238,0.6542709332306562,0.8118442234919346,0.75
lipophilicity,random,hybrid_concat,"(0.2,0.4]",832,0.32023035294025876,0.6369091600200493,0.843719930196947,0.8076923076923077
lipophilicity,random,hybrid_concat,"(0.4,0.6]",748,0.5016404781433809,0.5435714172571442,0.7395347207237332,0.856951871657754
lipophilicity,random,hybrid_concat,"(0.6,0.8]",1668,0.7186756798208712,0.39355030625794957,0.5236691140049755,0.9310551558752997
lipophilicity,random,hybrid_concat,"(0.8,1.0]",940,0.8738569453846952,0.3219466970582057,0.4359495363993246,0.9648936170212766
lipophilicity,random,hybrid_gated,"(0.0,0.2]",12,0.17422219920124238,0.7355605353656031,0.8929136134832215,0.6666666666666666
lipophilicity,random,hybrid_gated,"(0.2,0.4]",832,0.32023035294025876,0.6450191774233738,0.8511778848679517,0.8052884615384616
lipophilicity,random,hybrid_gated,"(0.4,0.6]",748,0.5016404781433809,0.5341341974515147,0.7226390236472453,0.8542780748663101
lipophilicity,random,hybrid_gated,"(0.6,0.8]",1668,0.7186756798208712,0.3910430725177928,0.5192758947541499,0.9388489208633094
lipophilicity,random,hybrid_gated,"(0.8,1.0]",940,0.8738569453846952,0.31826705850663556,0.4365106229149086,0.9617021276595744
lipophilicity,random,mean_baseline,"(0.0,0.2]",12,0.17422219920124238,1.1394923814124154,1.629831147943524,0.75
lipophilicity,random,mean_baseline,"(0.2,0.4]",832,0.32023035294025876,1.0561959434518666,1.2895260417140149,0.8774038461538461
lipophilicity,random,mean_baseline,"(0.4,0.6]",748,0.5016404781433809,1.052897222608043,1.2887766879671256,0.8689839572192514
lipophilicity,random,mean_baseline,"(0.6,0.8]",1668,0.7186756798208712,0.932547708211189,1.154300958527651,0.9052757793764988
lipophilicity,random,mean_baseline,"(0.8,1.0]",940,0.8738569453846952,0.9485066939333053,1.1629292154656965,0.9095744680851063
lipophilicity,random,node_gnn,"(0.0,0.2]",12,0.17422219920124238,0.6387237285229429,0.8535886014654196,0.75
lipophilicity,random,node_gnn,"(0.2,0.4]",832,0.32023035294025876,0.6384689156616977,0.8800177375906952,0.8052884615384616
lipophilicity,random,node_gnn,"(0.4,0.6]",748,0.5016404781433809,0.5448141938999661,0.726333421667566,0.8489304812834224
lipophilicity,random,node_gnn,"(0.6,0.8]",1668,0.7186756798208712,0.40335611737434734,0.532308476425317,0.9268585131894485
lipophilicity,random,node_gnn,"(0.8,1.0]",940,0.8738569453846952,0.32584275453744826,0.4231572722317246,0.9659574468085106
lipophilicity,random,rf_rdkit,"(0.0,0.2]",12,0.17422219920124238,0.8693584418447893,1.0335126898027742,0.75
lipophilicity,random,rf_rdkit,"(0.2,0.4]",832,0.32023035294025876,0.7711335745193071,0.9533452232843094,0.8016826923076923
lipophilicity,random,rf_rdkit,"(0.4,0.6]",748,0.5016404781433809,0.7007611789617619,0.8712617783028593,0.8449197860962567
lipophilicity,random,rf_rdkit,"(0.6,0.8]",1668,0.7186756798208712,0.5116585890241333,0.6563424381292021,0.9388489208633094
lipophilicity,random,rf_rdkit,"(0.8,1.0]",940,0.8738569453846952,0.3990354975356871,0.5402573135406639,0.9595744680851064
lipophilicity,random,rf_rdkit_morgan,"(0.0,0.2]",12,0.17422219920124238,0.8965018010866519,1.1097541146130896,0.6666666666666666
lipophilicity,random,rf_rdkit_morgan,"(0.2,0.4]",832,0.32023035294025876,0.7986931271908912,0.9912159708662647,0.7920673076923077
lipophilicity,random,rf_rdkit_morgan,"(0.4,0.6]",748,0.5016404781433809,0.7277468370659995,0.9002508300463391,0.8409090909090909
lipophilicity,random,rf_rdkit_morgan,"(0.6,0.8]",1668,0.7186756798208712,0.5235470677723622,0.6661218626242776,0.9412470023980816
lipophilicity,random,rf_rdkit_morgan,"(0.8,1.0]",940,0.8738569453846952,0.4132462911376117,0.5581270626548492,0.9659574468085106
lipophilicity,random,xgb_rdkit_morgan,"(0.0,0.2]",12,0.17422219920124238,0.7570169706713844,0.9053460155495242,0.5833333333333334
lipophilicity,random,xgb_rdkit_morgan,"(0.2,0.4]",832,0.32023035294025876,0.6645229260962326,0.8478093941322875,0.8052884615384616
lipophilicity,random,xgb_rdkit_morgan,"(0.4,0.6]",748,0.5016404781433809,0.5582327336317559,0.7356374374885128,0.8609625668449198
lipophilicity,random,xgb_rdkit_morgan,"(0.6,0.8]",1668,0.7186756798208712,0.41939397830679,0.548310018640312,0.9286570743405276
lipophilicity,random,xgb_rdkit_morgan,"(0.8,1.0]",940,0.8738569453846952,0.3503144235958654,0.4703083663025539,0.9617021276595744
lipophilicity,scaffold,edge_gnn,"(0.0,0.2]",26,0.18146016142562596,0.764333010448609,0.9292662441060029,0.7307692307692307
lipophilicity,scaffold,edge_gnn,"(0.2,0.4]",1606,0.3147326557128964,0.6268030774973617,0.8145694899028858,0.8542963885429639
lipophilicity,scaffold,edge_gnn,"(0.4,0.6]",949,0.49699422753898403,0.5175382264692676,0.6661540727486351,0.9209694415173867
lipophilicity,scaffold,edge_gnn,"(0.6,0.8]",1285,0.7016408315697125,0.41747620774813665,0.5455519352206837,0.9494163424124513
lipophilicity,scaffold,edge_gnn,"(0.8,1.0]",334,0.8690687742436121,0.3444691208593531,0.4367196856145756,0.9820359281437125
lipophilicity,scaffold,hybrid_concat,"(0.0,0.2]",26,0.18146016142562596,0.8371733137747592,1.0202053923985028,0.7692307692307693
lipophilicity,scaffold,hybrid_concat,"(0.2,0.4]",1606,0.3147326557128964,0.6808552830857517,0.8900034887999909,0.8374844333748444
lipophilicity,scaffold,hybrid_concat,"(0.4,0.6]",949,0.49699422753898403,0.5753755342990959,0.7329211752321723,0.8861959957850368
lipophilicity,scaffold,hybrid_concat,"(0.6,0.8]",1285,0.7016408315697125,0.45001846904351095,0.5878057888250561,0.9478599221789883
lipophilicity,scaffold,hybrid_concat,"(0.8,1.0]",334,0.8690687742436121,0.3817625715053992,0.4895985743193776,0.9820359281437125
lipophilicity,scaffold,hybrid_gated,"(0.0,0.2]",26,0.18146016142562596,0.8645338978526536,1.0466823687557187,0.6923076923076923
lipophilicity,scaffold,hybrid_gated,"(0.2,0.4]",1606,0.3147326557128964,0.6886013344990364,0.9021722570778039,0.8493150684931506
lipophilicity,scaffold,hybrid_gated,"(0.4,0.6]",949,0.49699422753898403,0.5742533292243243,0.7367735706648989,0.8883034773445733
lipophilicity,scaffold,hybrid_gated,"(0.6,0.8]",1285,0.7016408315697125,0.4487421568604269,0.5828205132761201,0.953307392996109
lipophilicity,scaffold,hybrid_gated,"(0.8,1.0]",334,0.8690687742436121,0.3959300383371434,0.5169264043067252,0.9790419161676647
lipophilicity,scaffold,mean_baseline,"(0.0,0.2]",26,0.18146016142562596,1.1897997185929268,1.387672786828187,0.8846153846153846
lipophilicity,scaffold,mean_baseline,"(0.2,0.4]",1606,0.3147326557128964,1.0431325452877636,1.2749530770035897,0.8922789539227896
lipophilicity,scaffold,mean_baseline,"(0.4,0.6]",949,0.49699422753898403,1.0141681558467528,1.2435112419651655,0.8851422550052687
lipophilicity,scaffold,mean_baseline,"(0.6,0.8]",1285,0.7016408315697125,0.8571169475682329,1.0499527000251687,0.9392996108949416
lipophilicity,scaffold,mean_baseline,"(0.8,1.0]",334,0.8690687742436121,0.7845944030487356,0.9944569702580165,0.9341317365269461
lipophilicity,scaffold,node_gnn,"(0.0,0.2]",26,0.18146016142562596,0.9433017240257324,1.1608989923743853,0.7692307692307693
lipophilicity,scaffold,node_gnn,"(0.2,0.4]",1606,0.3147326557128964,0.6461960419479678,0.8412249849676533,0.8586550435865504
lipophilicity,scaffold,node_gnn,"(0.4,0.6]",949,0.49699422753898403,0.5299108066275914,0.6776678074872857,0.9220231822971549
lipophilicity,scaffold,node_gnn,"(0.6,0.8]",1285,0.7016408315697125,0.4326295257406001,0.5579421575502211,0.9579766536964981
lipophilicity,scaffold,node_gnn,"(0.8,1.0]",334,0.8690687742436121,0.3598504358974924,0.4508824871923736,0.9850299401197605
lipophilicity,scaffold,rf_rdkit,"(0.0,0.2]",26,0.18146016142562596,0.8646750528575506,1.028188432203037,0.8461538461538461
lipophilicity,scaffold,rf_rdkit,"(0.2,0.4]",1606,0.3147326557128964,0.7691425237524245,0.9569691582538703,0.8599003735990037
lipophilicity,scaffold,rf_rdkit,"(0.4,0.6]",949,0.49699422753898403,0.6991343947517785,0.8533258027658361,0.8946259220231823
lipophilicity,scaffold,rf_rdkit,"(0.6,0.8]",1285,0.7016408315697125,0.5592579455226885,0.7147574829910952,0.9463035019455253
lipophilicity,scaffold,rf_rdkit,"(0.8,1.0]",334,0.8690687742436121,0.45103321309898364,0.583886840517356,0.9700598802395209
lipophilicity,scaffold,rf_rdkit_morgan,"(0.0,0.2]",26,0.18146016142562596,0.90741393281656,1.0722334561872016,0.8846153846153846
lipophilicity,scaffold,rf_rdkit_morgan,"(0.2,0.4]",1606,0.3147326557128964,0.8098239672433534,0.9999116295799054,0.8542963885429639
lipophilicity,scaffold,rf_rdkit_morgan,"(0.4,0.6]",949,0.49699422753898403,0.7242888520857131,0.8826753062035185,0.9009483667017913
lipophilicity,scaffold,rf_rdkit_morgan,"(0.6,0.8]",1285,0.7016408315697125,0.5734136447270404,0.7261983373643318,0.9455252918287937
lipophilicity,scaffold,rf_rdkit_morgan,"(0.8,1.0]",334,0.8690687742436121,0.4435556284460381,0.581111431388679,0.9880239520958084
lipophilicity,scaffold,xgb_rdkit_morgan,"(0.0,0.2]",26,0.18146016142562596,1.0421683710059264,1.2361358872551271,0.5384615384615384
lipophilicity,scaffold,xgb_rdkit_morgan,"(0.2,0.4]",1606,0.3147326557128964,0.6593687285413814,0.849375937331585,0.8306351183063512
lipophilicity,scaffold,xgb_rdkit_morgan,"(0.4,0.6]",949,0.49699422753898403,0.6031061216995305,0.7641974256759031,0.8777660695468915
lipophilicity,scaffold,xgb_rdkit_morgan,"(0.6,0.8]",1285,0.7016408315697125,0.4668773215074006,0.6040234990234831,0.9431906614785992
lipophilicity,scaffold,xgb_rdkit_morgan,"(0.8,1.0]",334,0.8690687742436121,0.41252261240671473,0.5299459863985111,0.9610778443113772
